,s1
0,s1
1,s2
2,s2
3,s2
4,s2
5,s2
6,s2
7,s2
8,s2
9,s2
10,s2
11,s2
12,s2
13,s2
14,s2
15,s2
16,s2
17,s2
18,s2
19,s2
20,s2
21,s2
22,s2
23,s2
24,s2
25,s2
26,s2
27,s2
28,s2
29,s2
30,s2
31,s2
32,s2
33,s2
34,s2
35,s2
36,s2
37,s2
38,s2
39,s2
40,s2
41,s2
42,s2
43,s2
44,s2
45,s2
46,s2
47,s2
48,s2
49,s2
50,s2
51,s2
52,s2
53,s2
54,s2
55,s2
56,s2
57,s2
58,s2
59,s2
60,s2
61,s2
62,s2
63,s2
64,s2
65,s2
66,s2
67,s2
68,s2
69,s2
70,s2
71,s2
72,s2
73,s2
74,s2
75,s2
76,s2
77,s2
78,s2
79,s2
80,s2
81,s2
82,s2
83,s2
84,s2
85,s2
86,s2
87,s2
88,s2
89,s2
90,s2
91,s2
92,s2
93,s2
94,s2
95,s2
96,s2
97,s2
98,s2
99,s2
100,s2
101,s2
102,s2
103,s2
104,s2
105,s2
106,s2
107,s2
108,s2
109,s2
110,s2
111,s2
112,s2
113,s2
114,s2
115,s2
116,s2
117,s2
118,s2
119,s2
120,s2
121,s2
122,s2
123,s2
124,s2
125,s2
126,s2
127,s2
128,s2
129,s2
130,s2
131,s2
132,s2
133,s2
134,s2
135,s2
136,s2
137,s2
138,s2
139,s2
140,s2
141,s2
142,s2
143,s2
144,s2
145,s2
146,s2
147,s2
148,s2
149,s2
150,s2
151,s2
152,s2
153,s2
154,s2
155,s2
156,s2
157,s2
158,s2
159,s2
160,s2
161,s2
162,s2
163,s2
164,s2
165,s2
166,s2
167,s2
168,s2
169,s2
170,s2
171,s2
172,s2
173,s2
174,s2
175,s2
176,s2
177,s2
178,s2
179,s2
180,s2
181,s2
182,s2
183,s2
184,s2
185,s2
186,s2
187,s2
188,s2
189,s2
190,s2
191,s2
192,s2
193,s2
194,s2
195,s2
196,s2
197,s2
198,s2
199,s2
200,s2
201,s2
202,s2
203,s2
204,s2
205,s2
206,s2
207,s2
208,s2
209,s2
210,s2
211,s2
212,s2
213,s2
214,s2
215,s2
216,s2
217,s2
218,s2
219,s2
220,s2
221,s2
222,s2
223,s2
224,s2
225,s2
226,s2
227,s2
228,s2
229,s2
230,s2
231,s2
232,s2
233,s2
234,s2
235,s2
236,s2
237,s2
238,s2
239,s2
240,s2
241,s2
242,s2
243,s2
244,s2
245,s2
246,s2
247,s2
248,s2
249,s2
250,s2
251,s2
252,s2
253,s2
254,s2
255,s2
256,s2
257,s2
258,s2
259,s2
260,s2
261,s2
262,s2
263,s2
264,s2
265,s2
266,s2
267,s2
268,s2
269,s2
270,s2
271,s2
272,s2
273,s2
274,s2
275,s2
276,s2
277,s2
278,s2
279,s2
280,s2
281,s2
282,s2
283,s2
284,s2
285,s2
286,s2
287,s2
288,s2
289,s2
290,s2
291,s2
292,s2
293,s2
294,s2
295,s2
296,s2
297,s2
298,s2
299,s2
300,s2
301,s2
302,s2
303,s2
304,s2
305,s2
306,s2
307,s2
308,s2
309,s2
310,s2
311,s2
312,s2
313,s2
314,s2
315,s2
316,s2
317,s2
318,s2
319,s2
320,s2
321,s2
322,s2
323,s2
324,s2
325,s2
326,s2
327,s2
328,s2
329,s2
330,s2
331,s2
332,s2
333,s2
334,s2
335,s2
336,s2
337,s2
338,s2
339,s2
340,s2
341,s2
342,s2
343,s2
344,s2
345,s2
346,s2
347,s2
348,s2
349,s2
350,s2
351,s2
352,s2
353,s2
354,s2
355,s2
356,s2
357,s2
358,s2
359,s2
360,s2
361,s2
362,s2
363,s2
364,s2
365,s2
366,s2
367,s2
368,s2
369,s2
370,s2
371,s2
372,s2
373,s2
374,s2
375,s2
376,s2
377,s2
378,s2
379,s2
380,s2
381,s2
382,s2
383,s2
384,s2
385,s2
386,s2
387,s2
388,s2
389,s2
390,s2
391,s2
392,s2
393,s2
394,s2
395,s2
396,s2
397,s2
398,s2
399,s2
400,s2
401,s2
402,s2
403,s2
404,s2
405,s2
406,s2
407,s2
408,s2
409,s2
410,s2
411,s2
412,s2
413,s2
414,s2
415,s2
416,s2
417,s2
418,s2
419,s2
420,s2
421,s2
422,s2
423,s2
424,s2
425,s2
426,s2
427,s2
428,s2
429,s2
430,s2
431,s2
432,s2
433,s2
434,s2
435,s2
436,s2
437,s2
438,s2
439,s2
440,s2
441,s2
442,s2
443,s2
444,s2
445,s2
446,s2
447,s2
448,s2
449,s2
450,s2
451,s2
452,s2
453,s2
454,s2
455,s2
456,s2
457,s2
458,s2
459,s2
460,s2
461,s2
462,s2
463,s2
464,s2
465,s2
466,s2
467,s2
468,s2
469,s2
470,s2
471,s2
472,s2
473,s2
474,s2
475,s2
476,s2
477,s2
478,s2
479,s2
480,s2
481,s2
482,s2
483,s2
484,s2
485,s2
486,s2
487,s2
488,s2
489,s2
490,s2
491,s2
492,s2
493,s2
494,s2
495,s2
496,s2
497,s2
498,s2
499,s2
500,s2
501,s2
502,s2
503,s2
504,s2
505,s2
506,s2
507,s2
508,s2
509,s2
510,s2
511,s2
512,s2
513,s2
514,s2
515,s2
516,s2
517,s2
518,s2
519,s2
520,s2
521,s2
522,s2
523,s2
524,s2
525,s2
526,s2
527,s2
528,s2
529,s2
530,s2
531,s2
532,s2
533,s2
534,s2
535,s2
536,s2
537,s2
538,s2
539,s2
540,s2
541,s2
542,s2
543,s2
544,s2
545,s2
546,s2
547,s2
548,s2
549,s2
550,s2
551,s2
552,s2
553,s2
554,s2
555,s2
556,s2
557,s2
558,s2
559,s2
560,s2
561,s2
562,s2
563,s2
564,s2
565,s2
566,s2
567,s2
568,s2
569,s2
570,s2
571,s2
572,s2
573,s2
574,s2
575,s2
576,s2
577,s2
578,s2
579,s2
580,s2
581,s2
582,s2
583,s2
584,s2
585,s2
586,s2
587,s2
588,s2
589,s2
590,s2
591,s2
592,s2
593,s2
594,s2
595,s2
596,s2
597,s2
598,s2
599,s2
600,s2
601,s2
602,s2
603,s2
604,s2
605,s2
606,s2
607,s2
608,s2
609,s2
610,s2
611,s2
612,s2
613,s2
614,s2
615,s2
616,s2
617,s2
618,s2
619,s2
620,s2
621,s2
622,s2
623,s2
624,s2
625,s2
626,s2
627,s2
628,s2
629,s2
630,s2
631,s2
632,s2
633,s2
634,s2
635,s2
636,s2
637,s2
638,s2
639,s2
640,s2
641,s2
642,s2
643,s2
644,s2
645,s2
646,s2
647,s2
648,s2
649,s2
650,s2
651,s2
652,s2
653,s2
654,s2
655,s2
656,s2
657,s2
658,s2
659,s2
660,s2
661,s2
662,s2
663,s2
664,s2
665,s2
666,s2
667,s2
668,s2
669,s2
670,s2
671,s2
672,s2
673,s2
674,s2
675,s2
676,s2
677,s2
678,s2
679,s2
680,s2
681,s2
682,s2
683,s2
684,s2
685,s2
686,s2
687,s2
688,s2
689,s2
690,s2
691,s2
692,s2
693,s2
694,s2
695,s2
696,s2
697,s2
698,s2
699,s2
700,s2
701,s2
702,s2
703,s2
704,s2
705,s2
706,s2
707,s2
708,s2
709,s2
710,s2
711,s2
712,s2
713,s2
714,s2
715,s2
716,s2
717,s2
718,s2
719,s2
720,s2
721,s2
722,s2
723,s2
724,s2
725,s2
726,s2
727,s2
728,s2
729,s2
730,s2
731,s2
732,s2
733,s2
734,s2
735,s2
736,s2
737,s2
738,s2
739,s2
740,s2
741,s2
742,s2
743,s2
744,s2
745,s2
746,s2
747,s2
748,s2
749,s2
750,s2
751,s2
752,s2
753,s2
754,s2
755,s2
756,s2
757,s2
758,s2
759,s2
760,s2
761,s2
762,s2
763,s2
764,s2
765,s2
766,s2
767,s2
768,s2
769,s2
770,s2
771,s2
772,s2
773,s2
774,s2
775,s2
776,s2
777,s2
778,s2
779,s2
780,s2
781,s2
782,s2
783,s2
784,s2
785,s2
786,s2
787,s2
788,s2
789,s2
790,s2
791,s2
792,s2
793,s2
794,s2
795,s2
796,s2
797,s2
798,s2
799,s2
800,s2
801,s2
802,s2
803,s2
804,s2
805,s2
806,s2
807,s2
808,s2
809,s2
810,s2
811,s2
812,s2
813,s2
814,s2
815,s2
816,s2
817,s2
818,s2
819,s2
820,s2
821,s2
822,s2
823,s2
824,s2
825,s2
826,s2
827,s2
828,s2
829,s2
830,s2
831,s2
832,s2
833,s2
834,s2
835,s2
836,s2
837,s2
838,s2
839,s2
840,s2
841,s2
842,s2
843,s2
844,s2
845,s2
846,s2
847,s2
848,s2
849,s2
850,s2
851,s2
852,s2
853,s2
854,s2
855,s2
856,s2
857,s2
858,s2
859,s2
860,s2
861,s2
862,s2
863,s2
864,s2
865,s2
866,s2
867,s2
868,s2
869,s2
870,s2
871,s2
872,s2
873,s2
874,s2
875,s2
876,s2
877,s2
878,s2
879,s2
880,s2
881,s2
882,s2
883,s2
884,s2
885,s2
886,s2
887,s2
888,s2
889,s2
890,s2
891,s2
892,s2
893,s2
894,s2
895,s2
896,s2
897,s2
898,s2
899,s2
900,s2
901,s2
902,s2
903,s2
904,s2
905,s2
906,s2
907,s2
908,s2
909,s2
910,s2
911,s2
912,s2
913,s2
914,s2
915,s2
916,s2
917,s2
918,s2
919,s2
920,s2
921,s2
922,s2
923,s2
924,s2
925,s2
926,s2
927,s2
928,s2
929,s2
930,s2
931,s2
932,s2
933,s2
934,s2
935,s2
936,s2
937,s2
938,s2
939,s2
940,s2
941,s2
942,s2
943,s2
944,s2
945,s2
946,s2
947,s2
948,s2
949,s2
950,s2
951,s2
952,s2
953,s2
954,s2
955,s2
956,s2
957,s2
958,s2
959,s2
960,s2
961,s2
962,s2
963,s2
964,s2
965,s2
966,s2
967,s2
968,s2
969,s2
970,s2
971,s2
972,s2
973,s2
974,s2
975,s2
976,s2
977,s2
978,s2
979,s2
980,s2
981,s2
982,s2
983,s2
984,s2
985,s2
986,s2
987,s2
988,s2
989,s2
990,s2
991,s2
992,s2
993,s2
994,s2
995,s2
996,s2
997,s2
998,s2
999,s2
1000,s2
1001,s2
1002,s2
1003,s2
1004,s2
1005,s2
1006,s2
1007,s2
1008,s2
1009,s2
1010,s2
1011,s2
1012,s2
1013,s2
1014,s2
1015,s2
1016,s2
1017,s2
1018,s2
1019,s2
1020,s2
1021,s2
1022,s2
1023,s2
1024,s2
1025,s2
1026,s2
1027,s2
1028,s2
1029,s2
1030,s2
1031,s2
1032,s2
1033,s2
1034,s2
1035,s2
1036,s2
1037,s2
1038,s2
1039,s2
1040,s2
1041,s2
1042,s2
1043,s2
1044,s2
1045,s2
1046,s2
1047,s2
1048,s2
1049,s2
1050,s2
1051,s2
1052,s2
1053,s2
1054,s2
1055,s2
1056,s2
1057,s2
1058,s2
1059,s2
1060,s2
1061,s2
1062,s2
1063,s2
1064,s2
1065,s2
1066,s2
1067,s2
1068,s2
1069,s2
1070,s2
1071,s2
1072,s2
1073,s2
1074,s2
1075,s2
1076,s2
1077,s2
1078,s2
1079,s2
1080,s2
1081,s2
1082,s2
1083,s2
1084,s2
1085,s2
1086,s2
1087,s2
1088,s2
1089,s2
1090,s2
1091,s2
1092,s2
1093,s2
1094,s2
1095,s2
1096,s2
1097,s2
1098,s2
1099,s2
1100,s2
1101,s2
1102,s2
1103,s2
1104,s2
1105,s2
1106,s2
1107,s2
1108,s2
1109,s2
1110,s2
1111,s2
1112,s2
1113,s2
1114,s2
1115,s2
1116,s2
1117,s2
1118,s2
1119,s2
1120,s2
1121,s2
1122,s2
1123,s2
1124,s2
1125,s2
1126,s2
1127,s2
1128,s2
1129,s2
1130,s2
1131,s2
1132,s2
1133,s2
1134,s2
1135,s2
1136,s2
1137,s2
1138,s2
1139,s2
1140,s2
1141,s2
1142,s2
1143,s2
1144,s2
1145,s2
1146,s2
1147,s2
1148,s2
1149,s2
1150,s2
1151,s2
1152,s2
1153,s2
1154,s2
1155,s2
1156,s2
1157,s2
1158,s2
1159,s2
1160,s2
1161,s2
1162,s2
1163,s2
1164,s2
1165,s2
1166,s2
1167,s2
1168,s2
1169,s2
1170,s2
1171,s2
1172,s2
1173,s2
1174,s2
1175,s2
1176,s2
1177,s2
1178,s2
1179,s2
1180,s2
1181,s2
1182,s2
1183,s2
1184,s2
1185,s2
1186,s2
1187,s2
1188,s2
1189,s2
1190,s2
1191,s2
1192,s2
1193,s2
1194,s2
1195,s2
1196,s2
1197,s2
1198,s2
1199,s2
1200,s2
1201,s2
1202,s2
1203,s2
1204,s2
1205,s2
1206,s2
1207,s2
1208,s2
1209,s2
1210,s2
1211,s2
1212,s2
1213,s2
1214,s2
1215,s2
1216,s2
1217,s2
1218,s2
1219,s2
1220,s2
1221,s2
1222,s2
1223,s2
1224,s2
1225,s2
1226,s2
1227,s2
1228,s2
1229,s2
1230,s2
1231,s2
1232,s2
1233,s2
1234,s2
1235,s2
1236,s2
1237,s2
1238,s2
1239,s2
1240,s2
1241,s2
1242,s2
1243,s2
1244,s2
1245,s2
1246,s2
1247,s2
1248,s2
1249,s2
1250,s2
1251,s2
1252,s2
1253,s2
1254,s2
1255,s2
1256,s2
1257,s2
1258,s2
1259,s2
1260,s2
1261,s2
1262,s2
1263,s2
1264,s2
1265,s2
1266,s2
1267,s2
1268,s2
1269,s2
1270,s2
1271,s2
1272,s2
1273,s2
1274,s2
1275,s2
1276,s2
1277,s2
1278,s2
1279,s2
1280,s2
1281,s2
1282,s2
1283,s2
1284,s2
1285,s2
1286,s2
1287,s2
1288,s2
1289,s2
1290,s2
1291,s2
1292,s2
1293,s2
1294,s2
1295,s2
1296,s2
1297,s2
1298,s2
1299,s2
1300,s2
1301,s2
1302,s2
1303,s2
1304,s2
1305,s2
1306,s2
1307,s2
1308,s2
1309,s2
1310,s2
1311,s2
1312,s2
1313,s2
1314,s2
1315,s2
1316,s2
1317,s2
1318,s2
1319,s2
1320,s2
1321,s2
1322,s2
1323,s2
1324,s2
1325,s2
1326,s2
1327,s2
1328,s2
1329,s2
1330,s2
1331,s2
1332,s2
1333,s2
1334,s2
1335,s2
1336,s2
1337,s2
1338,s2
1339,s2
1340,s2
1341,s2
1342,s2
1343,s2
1344,s2
1345,s2
1346,s2
1347,s2
1348,s2
1349,s2
1350,s2
1351,s2
1352,s2
1353,s2
1354,s2
1355,s2
1356,s2
1357,s2
1358,s2
1359,s2
1360,s2
1361,s2
1362,s2
1363,s2
1364,s2
1365,s2
1366,s2
1367,s2
1368,s2
1369,s2
1370,s2
1371,s2
1372,s2
1373,s2
1374,s2
1375,s2
1376,s2
1377,s2
1378,s2
1379,s2
1380,s2
1381,s2
1382,s2
1383,s2
1384,s2
1385,s2
1386,s2
1387,s2
1388,s2
1389,s2
1390,s2
1391,s2
1392,s2
1393,s2
1394,s2
1395,s2
1396,s2
1397,s2
1398,s2
1399,s2
1400,s2
1401,s2
1402,s2
1403,s2
1404,s2
1405,s2
1406,s2
1407,s2
1408,s2
1409,s2
1410,s2
1411,s2
1412,s2
1413,s2
1414,s2
1415,s2
1416,s2
1417,s2
1418,s2
1419,s2
1420,s2
1421,s2
1422,s2
1423,s2
1424,s2
1425,s2
1426,s2
1427,s2
1428,s2
1429,s2
1430,s2
1431,s2
1432,s2
1433,s2
1434,s2
1435,s2
1436,s2
1437,s2
1438,s2
1439,s2
1440,s2
1441,s2
1442,s2
1443,s2
1444,s2
1445,s2
1446,s2
1447,s2
1448,s2
1449,s2
1450,s2
1451,s2
1452,s2
1453,s2
1454,s2
1455,s2
1456,s2
1457,s2
1458,s2
1459,s2
1460,s2
1461,s2
1462,s2
1463,s2
1464,s2
1465,s2
1466,s2
1467,s2
1468,s2
1469,s2
1470,s2
1471,s2
1472,s2
1473,s2
1474,s2
1475,s2
1476,s2
1477,s2
1478,s2
1479,s2
1480,s2
1481,s2
1482,s2
1483,s2
1484,s2
1485,s2
1486,s2
1487,s2
1488,s2
1489,s2
1490,s2
1491,s2
1492,s2
1493,s2
1494,s2
1495,s2
1496,s2
1497,s2
1498,s2
1499,s2
1500,s2
1501,s2
1502,s2
1503,s2
1504,s2
1505,s2
1506,s2
1507,s2
1508,s2
1509,s2
1510,s2
1511,s2
1512,s2
1513,s2
1514,s2
1515,s2
1516,s2
1517,s2
1518,s2
1519,s2
1520,s2
1521,s2
1522,s2
1523,s2
1524,s2
1525,s2
1526,s2
1527,s2
1528,s2
1529,s2
1530,s2
1531,s2
1532,s2
1533,s2
1534,s2
1535,s2
1536,s2
1537,s2
1538,s2
1539,s2
1540,s2
1541,s2
1542,s2
1543,s2
1544,s2
1545,s2
1546,s2
1547,s2
1548,s2
1549,s2
1550,s2
1551,s2
1552,s2
1553,s2
1554,s2
1555,s2
1556,s2
1557,s2
1558,s2
1559,s2
1560,s2
1561,s2
1562,s2
1563,s2
1564,s2
1565,s2
1566,s2
1567,s2
1568,s2
1569,s2
1570,s2
1571,s2
1572,s2
1573,s2
1574,s2
1575,s2
1576,s2
1577,s2
1578,s2
1579,s2
1580,s2
1581,s2
1582,s2
1583,s2
1584,s2
1585,s2
1586,s2
1587,s2
1588,s2
1589,s2
1590,s2
1591,s2
1592,s2
1593,s2
1594,s2
1595,s2
1596,s2
1597,s2
1598,s2
1599,s2
1600,s2
1601,s2
1602,s2
1603,s2
1604,s2
1605,s2
1606,s2
1607,s2
1608,s2
1609,s2
1610,s2
1611,s2
1612,s2
1613,s2
1614,s2
1615,s2
1616,s2
1617,s2
1618,s2
1619,s2
1620,s2
1621,s2
1622,s2
1623,s2
1624,s2
1625,s2
1626,s2
1627,s2
1628,s2
1629,s2
1630,s2
1631,s2
1632,s2
1633,s2
1634,s2
1635,s2
1636,s2
1637,s2
1638,s2
1639,s2
1640,s2
1641,s2
1642,s2
1643,s2
1644,s2
1645,s2
1646,s2
1647,s2
1648,s2
1649,s2
1650,s2
1651,s2
1652,s2
1653,s2
1654,s2
1655,s2
1656,s2
1657,s2
1658,s2
1659,s2
1660,s2
1661,s2
1662,s2
1663,s2
1664,s2
1665,s2
1666,s2
1667,s2
1668,s2
1669,s2
1670,s2
1671,s2
1672,s2
1673,s2
1674,s2
1675,s2
1676,s2
1677,s2
1678,s2
1679,s2
1680,s2
1681,s2
1682,s2
1683,s2
1684,s2
1685,s2
1686,s2
1687,s2
1688,s2
1689,s2
1690,s2
1691,s2
1692,s2
1693,s2
1694,s2
1695,s2
1696,s2
1697,s2
1698,s2
1699,s2
1700,s2
1701,s2
1702,s2
1703,s2
1704,s2
1705,s2
1706,s2
1707,s2
1708,s2
1709,s2
1710,s2
1711,s2
1712,s2
1713,s2
1714,s2
1715,s2
1716,s2
1717,s2
1718,s2
1719,s2
1720,s2
1721,s2
1722,s2
1723,s2
1724,s2
1725,s2
1726,s2
1727,s2
1728,s2
1729,s2
1730,s2
1731,s2
1732,s2
1733,s2
1734,s2
1735,s2
1736,s2
1737,s2
1738,s2
1739,s2
1740,s2
1741,s2
1742,s2
1743,s2
1744,s2
1745,s2
1746,s2
1747,s2
1748,s2
1749,s2
1750,s2
1751,s2
1752,s2
1753,s2
1754,s2
1755,s2
1756,s2
1757,s2
1758,s2
1759,s2
1760,s2
1761,s2
1762,s2
1763,s2
1764,s2
1765,s2
1766,s2
1767,s2
1768,s2
1769,s2
1770,s2
1771,s2
1772,s2
1773,s2
1774,s2
1775,s2
1776,s2
1777,s2
1778,s2
1779,s2
1780,s2
1781,s2
1782,s2
1783,s2
1784,s2
1785,s2
1786,s2
1787,s2
1788,s2
1789,s2
1790,s2
1791,s2
1792,s2
1793,s2
1794,s2
1795,s2
1796,s2
1797,s2
1798,s2
1799,s2
1800,s2
1801,s2
1802,s2
1803,s2
1804,s2
1805,s2
1806,s2
1807,s2
1808,s2
1809,s2
1810,s2
1811,s2
1812,s2
1813,s2
1814,s2
1815,s2
1816,s2
1817,s2
1818,s2
1819,s2
1820,s2
1821,s2
1822,s2
1823,s2
1824,s2
1825,s2
1826,s2
1827,s2
1828,s2
1829,s2
1830,s2
1831,s2
1832,s2
1833,s2
1834,s2
1835,s2
1836,s2
1837,s2
1838,s2
1839,s2
1840,s2
1841,s2
1842,s2
1843,s2
1844,s2
1845,s2
1846,s2
1847,s2
1848,s2
1849,s2
1850,s2
1851,s2
1852,s2
1853,s2
1854,s2
1855,s2
1856,s2
1857,s2
1858,s2
1859,s2
1860,s2
1861,s2
1862,s2
1863,s2
1864,s2
1865,s2
1866,s2
1867,s2
1868,s2
1869,s2
1870,s2
1871,s2
1872,s2
1873,s2
1874,s2
1875,s2
1876,s2
1877,s2
1878,s2
1879,s2
1880,s2
1881,s2
1882,s2
1883,s2
1884,s2
1885,s2
1886,s2
1887,s2
1888,s2
1889,s2
1890,s2
1891,s2
1892,s2
1893,s2
1894,s2
1895,s2
1896,s2
1897,s2
1898,s2
1899,s2
1900,s2
1901,s2
1902,s2
1903,s2
1904,s2
1905,s2
1906,s2
1907,s2
1908,s2
1909,s2
1910,s2
1911,s2
1912,s2
1913,s2
1914,s2
1915,s2
1916,s2
1917,s2
1918,s2
1919,s2
1920,s2
1921,s2
1922,s2
1923,s2
1924,s2
1925,s2
1926,s2
1927,s2
1928,s2
1929,s2
1930,s2
1931,s2
1932,s2
1933,s2
1934,s2
1935,s2
1936,s2
1937,s2
1938,s2
1939,s2
1940,s2
1941,s2
1942,s2
1943,s2
1944,s2
1945,s2
1946,s2
1947,s2
1948,s2
1949,s2
1950,s2
1951,s2
1952,s2
1953,s2
1954,s2
1955,s2
1956,s2
1957,s2
1958,s2
1959,s2
1960,s2
1961,s2
1962,s2
1963,s2
1964,s2
1965,s2
1966,s2
1967,s2
1968,s2
1969,s2
1970,s2
1971,s2
1972,s2
1973,s2
1974,s2
1975,s2
1976,s2
1977,s2
1978,s2
1979,s2
1980,s2
1981,s2
1982,s2
1983,s2
1984,s2
1985,s2
1986,s2
1987,s2
1988,s2
1989,s2
1990,s2
1991,s2
1992,s2
1993,s2
1994,s2
1995,s2
1996,s2
1997,s2
1998,s2
1999,s2
2000,s2
2001,s2
2002,s2
2003,s2
2004,s2
2005,s2
2006,s2
2007,s2
2008,s2
2009,s2
2010,s2
2011,s2
2012,s2
2013,s2
2014,s2
2015,s2
2016,s2
2017,s2
2018,s2
2019,s2
2020,s2
2021,s2
2022,s2
2023,s2
2024,s2
2025,s2
2026,s2
2027,s2
2028,s2
2029,s2
2030,s2
2031,s2
2032,s2
2033,s2
2034,s2
2035,s2
2036,s2
2037,s2
2038,s2
2039,s2
2040,s2
2041,s2
2042,s2
2043,s2
2044,s2
2045,s2
2046,s2
2047,s2
2048,s2
2049,s2
2050,s2
2051,s2
2052,s2
2053,s2
2054,s2
2055,s2
2056,s2
2057,s2
2058,s2
2059,s2
2060,s2
2061,s2
2062,s2
2063,s2
2064,s2
2065,s2
2066,s2
2067,s2
2068,s2
2069,s2
2070,s2
2071,s2
2072,s2
2073,s2
2074,s2
2075,s2
2076,s2
2077,s2
2078,s2
2079,s2
2080,s2
2081,s2
2082,s2
2083,s2
2084,s2
2085,s2
2086,s2
2087,s2
2088,s2
2089,s2
2090,s2
2091,s2
2092,s2
2093,s2
2094,s2
2095,s2
2096,s2
2097,s2
2098,s2
2099,s2
2100,s2
2101,s2
2102,s2
2103,s2
2104,s2
2105,s2
2106,s2
2107,s2
2108,s2
2109,s2
2110,s2
2111,s2
2112,s2
2113,s2
2114,s2
2115,s2
2116,s2
2117,s2
2118,s2
2119,s2
2120,s2
2121,s2
2122,s2
2123,s2
2124,s2
2125,s2
2126,s2
2127,s2
2128,s2
2129,s2
2130,s2
2131,s2
2132,s2
2133,s2
2134,s2
2135,s2
2136,s2
2137,s2
2138,s2
2139,s2
2140,s2
2141,s2
2142,s2
2143,s2
2144,s2
2145,s2
2146,s2
2147,s2
2148,s2
2149,s2
2150,s2
2151,s2
2152,s2
2153,s2
2154,s2
2155,s2
2156,s2
2157,s2
2158,s2
2159,s2
2160,s2
2161,s2
2162,s2
2163,s2
2164,s2
2165,s2
2166,s2
2167,s2
2168,s2
2169,s2
2170,s2
2171,s2
2172,s2
2173,s2
2174,s2
2175,s2
2176,s2
2177,s2
2178,s2
2179,s2
2180,s2
2181,s2
2182,s2
2183,s2
2184,s2
2185,s2
2186,s2
2187,s2
2188,s2
2189,s2
2190,s2
2191,s2
2192,s2
2193,s2
2194,s2
2195,s2
2196,s2
2197,s2
2198,s2
2199,s2
2200,s2
2201,s2
2202,s2
2203,s2
2204,s2
2205,s2
2206,s2
2207,s2
2208,s2
2209,s2
2210,s2
2211,s2
2212,s2
2213,s2
2214,s2
2215,s2
2216,s2
2217,s2
2218,s2
2219,s2
2220,s2
2221,s2
2222,s2
2223,s2
2224,s2
2225,s2
2226,s2
2227,s2
2228,s2
2229,s2
2230,s2
2231,s2
2232,s2
2233,s2
2234,s2
2235,s2
2236,s2
2237,s2
2238,s2
2239,s2
2240,s2
2241,s2
2242,s2
2243,s2
2244,s2
2245,s2
2246,s2
2247,s2
2248,s2
2249,s2
2250,s2
2251,s2
2252,s2
2253,s2
2254,s2
2255,s2
2256,s2
2257,s2
2258,s2
2259,s2
2260,s2
2261,s2
2262,s2
2263,s2
2264,s2
2265,s2
2266,s2
2267,s2
2268,s2
2269,s2
2270,s2
2271,s2
2272,s2
2273,s2
2274,s2
2275,s2
2276,s2
2277,s2
2278,s2
2279,s2
2280,s2
2281,s2
2282,s2
2283,s2
2284,s2
2285,s2
2286,s2
2287,s2
2288,s2
2289,s2
2290,s2
2291,s2
2292,s2
2293,s2
2294,s2
2295,s2
2296,s2
2297,s2
2298,s2
2299,s2
2300,s2
2301,s2
2302,s2
2303,s2
2304,s2
2305,s2
2306,s2
2307,s2
2308,s2
2309,s2
2310,s2
2311,s2
2312,s2
2313,s2
2314,s2
2315,s2
2316,s2
2317,s2
2318,s2
2319,s2
2320,s2
2321,s2
2322,s2
2323,s2
2324,s2
2325,s2
2326,s2
2327,s2
2328,s2
2329,s2
2330,s2
2331,s2
2332,s2
2333,s2
2334,s2
2335,s2
2336,s2
2337,s2
2338,s2
2339,s2
2340,s2
2341,s2
2342,s2
2343,s2
2344,s2
2345,s2
2346,s2
2347,s2
2348,s2
2349,s2
2350,s2
2351,s2
2352,s2
2353,s2
2354,s2
2355,s2
2356,s2
2357,s2
2358,s2
2359,s2
2360,s2
2361,s2
2362,s2
2363,s2
2364,s2
2365,s2
2366,s2
2367,s2
2368,s2
2369,s2
2370,s2
2371,s2
2372,s2
2373,s2
2374,s2
2375,s2
2376,s2
2377,s2
2378,s2
2379,s2
2380,s2
2381,s2
2382,s2
2383,s2
2384,s2
2385,s2
2386,s2
2387,s2
2388,s2
2389,s2
2390,s2
2391,s2
2392,s2
2393,s2
2394,s2
2395,s2
2396,s2
2397,s2
2398,s2
2399,s2
2400,s2
2401,s2
2402,s2
2403,s2
2404,s2
2405,s2
2406,s2
2407,s2
2408,s2
2409,s2
2410,s2
2411,s2
2412,s2
2413,s2
2414,s2
2415,s2
2416,s2
2417,s2
2418,s2
2419,s2
2420,s2
2421,s2
2422,s2
2423,s2
2424,s2
2425,s2
2426,s2
2427,s2
2428,s2
2429,s2
2430,s2
2431,s2
2432,s2
2433,s2
2434,s2
2435,s2
2436,s2
2437,s2
2438,s2
2439,s2
2440,s2
2441,s2
2442,s2
2443,s2
2444,s2
2445,s2
2446,s2
2447,s2
2448,s2
2449,s2
2450,s2
2451,s2
2452,s2
2453,s2
2454,s2
2455,s2
2456,s2
2457,s2
2458,s2
2459,s2
2460,s2
2461,s2
2462,s2
2463,s2
2464,s2
2465,s2
2466,s2
2467,s2
2468,s2
2469,s2
2470,s2
2471,s2
2472,s2
2473,s2
2474,s2
2475,s2
2476,s2
2477,s2
2478,s2
2479,s2
2480,s2
2481,s2
2482,s2
2483,s2
2484,s2
2485,s2
2486,s2
2487,s2
2488,s2
2489,s2
2490,s2
2491,s2
2492,s2
2493,s2
2494,s2
2495,s2
2496,s2
2497,s2
2498,s2
2499,s2
2500,s2
2501,s2
2502,s2
2503,s2
2504,s2
2505,s2
2506,s2
2507,s2
2508,s2
2509,s2
2510,s2
2511,s2
2512,s2
2513,s2
2514,s2
2515,s2
2516,s2
2517,s2
2518,s2
2519,s2
2520,s2
2521,s2
2522,s2
2523,s2
2524,s2
2525,s2
2526,s2
2527,s2
2528,s2
2529,s2
2530,s2
2531,s2
2532,s2
2533,s2
2534,s2
2535,s2
2536,s2
2537,s2
2538,s2
2539,s2
2540,s2
2541,s2
2542,s2
2543,s2
2544,s2
2545,s2
2546,s2
2547,s2
2548,s2
2549,s2
2550,s2
2551,s2
2552,s2
2553,s2
2554,s2
2555,s2
2556,s2
2557,s2
2558,s2
2559,s2
2560,s2
2561,s2
2562,s2
2563,s2
2564,s2
2565,s2
2566,s2
2567,s2
2568,s2
2569,s2
2570,s2
2571,s2
2572,s2
2573,s2
2574,s2
2575,s2
2576,s2
2577,s2
2578,s2
2579,s2
2580,s2
2581,s2
2582,s2
2583,s2
2584,s2
2585,s2
2586,s2
2587,s2
2588,s2
2589,s2
2590,s2
2591,s2
2592,s2
2593,s2
2594,s2
2595,s2
2596,s2
2597,s2
2598,s2
2599,s2
2600,s2
2601,s2
2602,s2
2603,s2
2604,s2
2605,s2
2606,s2
2607,s2
2608,s2
2609,s2
2610,s2
2611,s2
2612,s2
2613,s2
2614,s2
2615,s2
2616,s2
2617,s2
2618,s2
2619,s2
2620,s2
2621,s2
2622,s2
2623,s2
2624,s2
2625,s2
2626,s2
2627,s2
2628,s2
2629,s2
2630,s2
2631,s2
2632,s2
2633,s2
2634,s2
2635,s2
2636,s2
2637,s2
2638,s2
2639,s2
2640,s2
2641,s2
2642,s2
2643,s2
2644,s2
2645,s2
2646,s2
2647,s2
2648,s2
2649,s2
2650,s2
2651,s2
2652,s2
2653,s2
2654,s2
2655,s2
2656,s2
2657,s2
2658,s2
2659,s2
2660,s2
2661,s2
2662,s2
2663,s2
2664,s2
2665,s2
2666,s2
2667,s2
2668,s2
2669,s2
2670,s2
2671,s2
2672,s2
2673,s2
2674,s2
2675,s2
2676,s2
2677,s2
2678,s2
2679,s2
2680,s2
2681,s2
2682,s2
2683,s2
2684,s2
2685,s2
2686,s2
2687,s2
2688,s2
2689,s2
2690,s2
2691,s2
2692,s2
2693,s2
2694,s2
2695,s2
2696,s2
2697,s2
2698,s2
2699,s2
2700,s2
2701,s2
2702,s2
2703,s2
2704,s2
2705,s2
2706,s2
2707,s2
2708,s2
2709,s2
2710,s2
2711,s2
2712,s2
2713,s2
2714,s2
2715,s2
2716,s2
2717,s2
2718,s2
2719,s2
2720,s2
2721,s2
2722,s2
2723,s2
2724,s2
2725,s2
2726,s2
2727,s2
2728,s2
2729,s2
2730,s2
2731,s2
2732,s2
2733,s2
2734,s2
2735,s2
2736,s2
2737,s2
2738,s2
2739,s2
2740,s2
2741,s2
2742,s2
2743,s2
2744,s2
2745,s2
2746,s2
2747,s2
2748,s2
2749,s2
2750,s2
2751,s2
2752,s2
2753,s2
2754,s2
2755,s2
2756,s2
2757,s2
2758,s2
2759,s2
2760,s2
2761,s2
2762,s2
2763,s2
2764,s2
2765,s2
2766,s2
2767,s2
2768,s2
2769,s2
2770,s2
2771,s2
2772,s2
2773,s2
2774,s2
2775,s2
2776,s2
2777,s2
2778,s2
2779,s2
2780,s2
2781,s2
2782,s2
2783,s2
2784,s2
2785,s2
2786,s2
2787,s2
2788,s2
2789,s2
2790,s2
2791,s2
2792,s2
2793,s2
2794,s2
2795,s2
2796,s2
2797,s2
2798,s2
2799,s2
2800,s2
2801,s2
2802,s2
2803,s2
2804,s2
2805,s2
2806,s2
2807,s2
2808,s2
2809,s2
2810,s2
2811,s2
2812,s2
2813,s2
2814,s2
2815,s2
2816,s2
2817,s2
2818,s2
2819,s2
2820,s2
2821,s2
2822,s2
2823,s2
2824,s2
2825,s2
2826,s2
2827,s2
2828,s2
2829,s2
2830,s2
2831,s2
2832,s2
2833,s2
2834,s2
2835,s2
2836,s2
2837,s2
2838,s2
2839,s2
2840,s2
2841,s2
2842,s2
2843,s2
2844,s2
2845,s2
2846,s2
2847,s2
2848,s2
2849,s2
2850,s2
2851,s2
2852,s2
2853,s2
2854,s2
2855,s2
2856,s2
2857,s2
2858,s2
2859,s2
2860,s2
2861,s2
2862,s2
2863,s2
2864,s2
2865,s2
2866,s2
2867,s2
2868,s2
2869,s2
2870,s2
2871,s2
2872,s2
2873,s2
2874,s2
2875,s2
2876,s2
2877,s2
2878,s2
2879,s2
2880,s2
2881,s2
2882,s2
2883,s2
2884,s2
2885,s2
2886,s2
2887,s2
2888,s2
2889,s2
2890,s2
2891,s2
2892,s2
2893,s2
2894,s2
2895,s2
2896,s2
2897,s2
2898,s2
2899,s2
2900,s2
2901,s2
2902,s2
2903,s2
2904,s2
2905,s2
2906,s2
2907,s2
2908,s2
2909,s2
2910,s2
2911,s2
2912,s2
2913,s2
2914,s2
2915,s2
2916,s2
2917,s2
2918,s2
2919,s2
2920,s2
2921,s2
2922,s2
2923,s2
2924,s2
2925,s2
2926,s2
2927,s2
2928,s2
2929,s2
2930,s2
2931,s2
2932,s2
2933,s2
2934,s2
2935,s2
2936,s2
2937,s2
2938,s2
2939,s2
2940,s2
2941,s2
2942,s2
2943,s2
2944,s2
2945,s2
2946,s2
2947,s2
2948,s2
2949,s2
2950,s2
2951,s2
2952,s2
2953,s2
2954,s2
2955,s2
2956,s2
2957,s2
2958,s2
2959,s2
2960,s2
2961,s2
2962,s2
2963,s2
2964,s2
2965,s2
2966,s2
2967,s2
2968,s2
2969,s2
2970,s2
2971,s2
2972,s2
2973,s2
2974,s2
2975,s2
2976,s2
2977,s2
2978,s2
2979,s2
2980,s2
2981,s2
2982,s2
2983,s2
2984,s2
2985,s2
2986,s2
2987,s2
2988,s2
2989,s2
2990,s2
2991,s2
2992,s2
2993,s2
2994,s2
2995,s2
2996,s2
2997,s2
2998,s2
2999,s2
3000,s2
3001,s2
3002,s2
3003,s2
3004,s2
3005,s2
3006,s2
3007,s2
3008,s2
3009,s2
3010,s2
3011,s2
3012,s2
3013,s2
3014,s2
3015,s2
3016,s2
3017,s2
3018,s2
3019,s2
3020,s2
3021,s2
3022,s2
3023,s2
3024,s2
3025,s2
3026,s2
3027,s2
3028,s2
3029,s2
3030,s2
3031,s2
3032,s2
3033,s2
3034,s2
3035,s2
3036,s2
3037,s2
3038,s2
3039,s2
3040,s2
3041,s2
3042,s2
3043,s2
3044,s2
3045,s2
3046,s2
3047,s2
3048,s2
3049,s2
3050,s2
3051,s2
3052,s2
3053,s2
3054,s2
3055,s2
3056,s2
3057,s2
3058,s2
3059,s2
3060,s2
3061,s2
3062,s2
3063,s2
3064,s2
3065,s2
3066,s2
3067,s2
3068,s2
3069,s2
3070,s2
3071,s2
3072,s2
3073,s2
3074,s2
3075,s2
3076,s2
3077,s2
3078,s2
3079,s2
3080,s2
3081,s2
3082,s2
3083,s2
3084,s2
3085,s2
3086,s2
3087,s2
3088,s2
3089,s2
3090,s2
3091,s2
3092,s2
3093,s2
3094,s2
3095,s2
3096,s2
3097,s2
3098,s2
3099,s2
3100,s2
3101,s2
3102,s2
3103,s2
3104,s2
3105,s2
3106,s2
3107,s2
3108,s2
3109,s2
3110,s2
3111,s2
3112,s2
3113,s2
3114,s2
3115,s2
3116,s2
3117,s2
3118,s2
3119,s2
3120,s2
3121,s2
3122,s2
3123,s2
3124,s2
3125,s2
3126,s2
3127,s2
3128,s2
3129,s2
3130,s2
3131,s2
3132,s2
3133,s2
3134,s2
3135,s2
3136,s2
3137,s2
3138,s2
3139,s2
3140,s2
3141,s2
3142,s2
3143,s2
3144,s2
3145,s2
3146,s2
3147,s2
3148,s2
3149,s2
3150,s2
3151,s2
3152,s2
3153,s2
3154,s2
3155,s2
3156,s2
3157,s2
3158,s2
3159,s2
3160,s2
3161,s2
3162,s2
3163,s2
3164,s2
3165,s2
3166,s2
3167,s2
3168,s2
3169,s2
3170,s2
3171,s2
3172,s2
3173,s2
3174,s2
3175,s2
3176,s2
3177,s2
3178,s2
3179,s2
3180,s2
3181,s2
3182,s2
3183,s2
3184,s2
3185,s2
3186,s2
3187,s2
3188,s2
3189,s2
3190,s2
3191,s2
3192,s2
3193,s2
3194,s2
3195,s2
3196,s2
3197,s2
3198,s2
3199,s2
3200,s2
3201,s2
3202,s2
3203,s2
3204,s2
3205,s2
3206,s2
3207,s2
3208,s2
3209,s2
3210,s2
3211,s2
3212,s2
3213,s2
3214,s2
3215,s2
3216,s2
3217,s2
3218,s2
3219,s2
3220,s2
3221,s2
3222,s2
3223,s2
3224,s2
3225,s2
3226,s2
3227,s2
3228,s2
3229,s2
3230,s2
3231,s2
3232,s2
3233,s2
3234,s2
3235,s2
3236,s2
3237,s2
3238,s2
3239,s2
3240,s2
3241,s2
3242,s2
3243,s2
3244,s2
3245,s2
3246,s2
3247,s2
3248,s2
3249,s2
3250,s2
3251,s2
3252,s2
3253,s2
3254,s2
3255,s2
3256,s2
3257,s2
3258,s2
3259,s2
3260,s2
3261,s2
3262,s2
3263,s2
3264,s2
3265,s2
3266,s2
3267,s2
3268,s2
3269,s2
3270,s2
3271,s2
3272,s2
3273,s2
3274,s2
3275,s2
3276,s2
3277,s2
3278,s2
3279,s2
3280,s2
3281,s2
3282,s2
3283,s2
3284,s2
3285,s2
3286,s2
3287,s2
3288,s2
3289,s2
3290,s2
3291,s2
3292,s2
3293,s2
3294,s2
3295,s2
3296,s2
3297,s2
3298,s2
3299,s2
3300,s2
3301,s2
3302,s2
3303,s2
3304,s2
3305,s2
3306,s2
3307,s2
3308,s2
3309,s2
3310,s2
3311,s2
3312,s2
3313,s2
3314,s2
3315,s2
3316,s2
3317,s2
3318,s2
3319,s2
3320,s2
3321,s2
3322,s2
3323,s2
3324,s2
3325,s2
3326,s2
3327,s2
3328,s2
3329,s2
3330,s2
3331,s2
3332,s2
3333,s2
3334,s2
3335,s2
3336,s2
3337,s2
3338,s2
3339,s2
3340,s2
3341,s2
3342,s2
3343,s2
3344,s2
3345,s2
3346,s2
3347,s2
3348,s2
3349,s2
3350,s2
3351,s2
3352,s2
3353,s2
3354,s2
3355,s2
3356,s2
3357,s2
3358,s2
3359,s2
3360,s2
3361,s2
3362,s2
3363,s2
3364,s2
3365,s2
3366,s2
3367,s2
3368,s2
3369,s2
3370,s2
3371,s2
3372,s2
3373,s2
3374,s2
3375,s2
3376,s2
3377,s2
3378,s2
3379,s2
3380,s2
3381,s2
3382,s2
3383,s2
3384,s2
3385,s2
3386,s2
3387,s2
3388,s2
3389,s2
3390,s2
3391,s2
3392,s2
3393,s2
3394,s2
3395,s2
3396,s2
3397,s2
3398,s2
3399,s2
3400,s2
3401,s2
3402,s2
3403,s2
3404,s2
3405,s2
3406,s2
3407,s2
3408,s2
3409,s2
3410,s2
3411,s2
3412,s2
3413,s2
3414,s2
3415,s2
3416,s2
3417,s2
3418,s2
3419,s2
3420,s2
3421,s2
3422,s2
3423,s2
3424,s2
3425,s2
3426,s2
3427,s2
3428,s2
3429,s2
3430,s2
3431,s2
3432,s2
3433,s2
3434,s2
3435,s2
3436,s2
3437,s2
3438,s2
3439,s2
3440,s2
3441,s2
3442,s2
3443,s2
3444,s2
3445,s2
3446,s2
3447,s2
3448,s2
3449,s2
3450,s2
3451,s2
3452,s2
3453,s2
3454,s2
3455,s2
3456,s2
3457,s2
3458,s2
3459,s2
3460,s2
3461,s2
3462,s2
3463,s2
3464,s2
3465,s2
3466,s2
3467,s2
3468,s2
3469,s2
3470,s2
3471,s2
3472,s2
3473,s2
3474,s2
3475,s2
3476,s2
3477,s2
3478,s2
3479,s2
3480,s2
3481,s2
3482,s2
3483,s2
3484,s2
3485,s2
3486,s2
3487,s2
3488,s2
3489,s2
3490,s2
3491,s2
3492,s2
3493,s2
3494,s2
3495,s2
3496,s2
3497,s2
3498,s2
3499,s2
3500,s2
3501,s2
3502,s2
3503,s2
3504,s2
3505,s2
3506,s2
3507,s2
3508,s2
3509,s2
3510,s2
3511,s2
3512,s2
3513,s2
3514,s2
3515,s2
3516,s2
3517,s2
3518,s2
3519,s2
3520,s2
3521,s2
3522,s2
3523,s2
3524,s2
3525,s2
3526,s2
3527,s2
3528,s2
3529,s2
3530,s2
3531,s2
3532,s2
3533,s2
3534,s2
3535,s2
3536,s2
3537,s2
3538,s2
3539,s2
3540,s2
3541,s2
3542,s2
3543,s2
3544,s2
3545,s2
3546,s2
3547,s2
3548,s2
3549,s2
3550,s2
3551,s2
3552,s2
3553,s2
3554,s2
3555,s2
3556,s2
3557,s2
3558,s2
3559,s2
3560,s2
3561,s2
3562,s2
3563,s2
3564,s2
3565,s2
3566,s2
3567,s2
3568,s2
3569,s2
3570,s2
3571,s2
3572,s2
3573,s2
3574,s2
3575,s2
3576,s2
3577,s2
3578,s2
3579,s2
3580,s2
3581,s2
3582,s2
3583,s2
3584,s2
3585,s2
3586,s2
3587,s2
3588,s2
3589,s2
3590,s2
3591,s2
3592,s2
3593,s2
3594,s2
3595,s2
3596,s2
3597,s2
3598,s2
3599,s2
3600,s2
3601,s2
3602,s2
3603,s2
3604,s2
3605,s2
3606,s2
3607,s2
3608,s2
3609,s2
3610,s2
3611,s2
3612,s2
3613,s2
3614,s2
3615,s2
3616,s2
3617,s2
3618,s2
3619,s2
3620,s2
3621,s2
3622,s2
3623,s2
3624,s2
3625,s2
3626,s2
3627,s2
3628,s2
3629,s2
3630,s2
3631,s2
3632,s2
3633,s2
3634,s2
3635,s2
3636,s2
3637,s2
3638,s2
3639,s2
3640,s2
3641,s2
3642,s2
3643,s2
3644,s2
3645,s2
3646,s2
3647,s2
3648,s2
3649,s2
3650,s2
3651,s2
3652,s2
3653,s2
3654,s2
3655,s2
3656,s2
3657,s2
3658,s2
3659,s2
3660,s2
3661,s2
3662,s2
3663,s2
3664,s2
3665,s2
3666,s2
3667,s2
3668,s2
3669,s2
3670,s2
3671,s2
3672,s2
3673,s2
3674,s2
3675,s2
3676,s2
3677,s2
3678,s2
3679,s2
3680,s2
3681,s2
3682,s2
3683,s2
3684,s2
3685,s2
3686,s2
3687,s2
3688,s2
3689,s2
3690,s2
3691,s2
3692,s2
3693,s2
3694,s2
3695,s2
3696,s2
3697,s2
3698,s2
3699,s2
3700,s2
3701,s2
3702,s2
3703,s2
3704,s2
3705,s2
3706,s2
3707,s2
3708,s2
3709,s2
3710,s2
3711,s2
3712,s2
3713,s2
3714,s2
3715,s2
3716,s2
3717,s2
3718,s2
3719,s2
3720,s2
3721,s2
3722,s2
3723,s2
3724,s2
3725,s2
3726,s2
3727,s2
3728,s2
3729,s2
3730,s2
3731,s2
3732,s2
3733,s2
3734,s2
3735,s2
3736,s2
3737,s2
3738,s2
3739,s2
3740,s2
3741,s2
3742,s2
3743,s2
3744,s2
3745,s2
3746,s2
3747,s2
3748,s2
3749,s2
3750,s2
3751,s2
3752,s2
3753,s2
3754,s2
3755,s2
3756,s2
3757,s2
3758,s2
3759,s2
3760,s2
3761,s2
3762,s2
3763,s2
3764,s2
3765,s2
3766,s2
3767,s2
3768,s2
3769,s2
3770,s2
3771,s2
3772,s2
3773,s2
3774,s2
3775,s2
3776,s2
3777,s2
3778,s2
3779,s2
3780,s2
3781,s2
3782,s2
3783,s2
3784,s2
3785,s2
3786,s2
3787,s2
3788,s2
3789,s2
3790,s2
3791,s2
3792,s2
3793,s2
3794,s2
3795,s2
3796,s2
3797,s2
3798,s2
3799,s2
3800,s2
3801,s2
3802,s2
3803,s2
3804,s2
3805,s2
3806,s2
3807,s2
3808,s2
3809,s2
3810,s2
3811,s2
3812,s2
3813,s2
3814,s2
3815,s2
3816,s2
3817,s2
3818,s2
3819,s2
3820,s2
3821,s2
3822,s2
3823,s2
3824,s2
3825,s2
3826,s2
3827,s2
3828,s2
3829,s2
3830,s2
3831,s2
3832,s2
3833,s2
3834,s2
3835,s2
3836,s2
3837,s2
3838,s2
3839,s2
3840,s2
3841,s2
3842,s2
3843,s2
3844,s2
3845,s2
3846,s2
3847,s2
3848,s2
3849,s2
3850,s2
3851,s2
3852,s2
3853,s2
3854,s2
3855,s2
3856,s2
3857,s2
3858,s2
3859,s2
3860,s2
3861,s2
3862,s2
3863,s2
3864,s2
3865,s2
3866,s2
3867,s2
3868,s2
3869,s2
3870,s2
3871,s2
3872,s2
3873,s2
3874,s2
3875,s2
3876,s2
3877,s2
3878,s2
3879,s2
3880,s2
3881,s2
3882,s2
3883,s2
3884,s2
3885,s2
3886,s2
3887,s2
3888,s2
3889,s2
3890,s2
3891,s2
3892,s2
3893,s2
3894,s2
3895,s2
3896,s2
3897,s2
3898,s2
3899,s2
3900,s2
3901,s2
3902,s2
3903,s2
3904,s2
3905,s2
3906,s2
3907,s2
3908,s2
3909,s2
3910,s2
3911,s2
3912,s2
3913,s2
3914,s2
3915,s2
3916,s2
3917,s2
3918,s2
3919,s2
3920,s2
3921,s2
3922,s2
3923,s2
3924,s2
3925,s2
3926,s2
3927,s2
3928,s2
3929,s2
3930,s2
3931,s2
3932,s2
3933,s2
3934,s2
3935,s2
3936,s2
3937,s2
3938,s2
3939,s2
3940,s2
3941,s2
3942,s2
3943,s2
3944,s2
3945,s2
3946,s2
3947,s2
3948,s2
3949,s2
3950,s2
3951,s2
3952,s2
3953,s2
3954,s2
3955,s2
3956,s2
3957,s2
3958,s2
3959,s2
3960,s2
3961,s2
3962,s2
3963,s2
3964,s2
3965,s2
3966,s2
3967,s2
3968,s2
3969,s2
3970,s2
3971,s2
3972,s2
3973,s2
3974,s2
3975,s2
3976,s2
3977,s2
3978,s2
3979,s2
3980,s2
3981,s2
3982,s2
3983,s2
3984,s2
3985,s2
3986,s2
3987,s2
3988,s2
3989,s2
3990,s2
3991,s2
3992,s2
3993,s2
3994,s2
3995,s2
3996,s2
3997,s2
3998,s2
3999,s2
4000,s2
4001,s2
4002,s2
4003,s2
4004,s2
4005,s2
4006,s2
4007,s2
4008,s2
4009,s2
4010,s2
4011,s2
4012,s2
4013,s2
4014,s2
4015,s2
4016,s2
4017,s2
4018,s2
4019,s2
4020,s2
4021,s2
4022,s2
4023,s2
4024,s2
4025,s2
4026,s2
4027,s2
4028,s2
4029,s2
4030,s2
4031,s2
4032,s2
4033,s2
4034,s2
4035,s2
4036,s2
4037,s2
4038,s2
4039,s2
4040,s2
4041,s2
4042,s2
4043,s2
4044,s2
4045,s2
4046,s2
4047,s2
4048,s2
4049,s2
4050,s2
4051,s2
4052,s2
4053,s2
4054,s2
4055,s2
4056,s2
4057,s2
4058,s2
4059,s2
4060,s2
4061,s2
4062,s2
4063,s2
4064,s2
4065,s2
4066,s2
4067,s2
4068,s2
4069,s2
4070,s2
4071,s2
4072,s2
4073,s2
4074,s2
4075,s2
4076,s2
4077,s2
4078,s2
4079,s2
4080,s2
4081,s2
4082,s2
4083,s2
4084,s2
4085,s2
4086,s2
4087,s2
4088,s2
4089,s2
4090,s2
4091,s2
4092,s2
4093,s2
4094,s2
4095,s2
4096,s2
4097,s2
4098,s2
4099,s2
4100,s2
4101,s2
4102,s2
4103,s2
4104,s2
4105,s2
4106,s2
4107,s2
4108,s2
4109,s2
4110,s2
4111,s2
4112,s2
4113,s2
4114,s2
4115,s2
4116,s2
4117,s2
4118,s2
4119,s2
4120,s2
4121,s2
4122,s2
4123,s2
4124,s2
4125,s2
4126,s2
4127,s2
4128,s2
4129,s2
4130,s2
4131,s2
4132,s2
4133,s2
4134,s2
4135,s2
4136,s2
4137,s2
4138,s2
4139,s2
4140,s2
4141,s2
4142,s2
4143,s2
4144,s2
4145,s2
4146,s2
4147,s2
4148,s2
4149,s2
4150,s2
4151,s2
4152,s2
4153,s2
4154,s2
4155,s2
4156,s2
4157,s2
4158,s2
4159,s2
4160,s2
4161,s2
4162,s2
4163,s2
4164,s2
4165,s2
4166,s2
4167,s2
4168,s2
4169,s2
4170,s2
4171,s2
4172,s2
4173,s2
4174,s2
4175,s2
4176,s2
4177,s2
4178,s2
4179,s2
4180,s2
4181,s2
4182,s2
4183,s2
4184,s2
4185,s2
4186,s2
4187,s2
4188,s2
4189,s2
4190,s2
4191,s2
4192,s2
4193,s2
4194,s2
4195,s2
4196,s2
4197,s2
4198,s2
4199,s2
4200,s2
4201,s2
4202,s2
4203,s2
4204,s2
4205,s2
4206,s2
4207,s2
4208,s2
4209,s2
4210,s2
4211,s2
4212,s2
4213,s2
4214,s2
4215,s2
4216,s2
4217,s2
4218,s2
4219,s2
4220,s2
4221,s2
4222,s2
4223,s2
4224,s2
4225,s2
4226,s2
4227,s2
4228,s2
4229,s2
4230,s2
4231,s2
4232,s2
4233,s2
4234,s2
4235,s2
4236,s2
4237,s2
4238,s2
4239,s2
4240,s2
4241,s2
4242,s2
4243,s2
4244,s2
4245,s2
4246,s2
4247,s2
4248,s2
4249,s2
4250,s2
4251,s2
4252,s2
4253,s2
4254,s2
4255,s2
4256,s2
4257,s2
4258,s2
4259,s2
4260,s2
4261,s2
4262,s2
4263,s2
4264,s2
4265,s2
4266,s2
4267,s2
4268,s2
4269,s2
4270,s2
4271,s2
4272,s2
4273,s2
4274,s2
4275,s2
4276,s2
4277,s2
4278,s2
4279,s2
4280,s2
4281,s2
4282,s2
4283,s2
4284,s2
4285,s2
4286,s2
4287,s2
4288,s2
4289,s2
4290,s2
4291,s2
4292,s2
4293,s2
4294,s2
4295,s2
4296,s2
4297,s2
4298,s2
4299,s2
4300,s2
4301,s2
4302,s2
4303,s2
4304,s2
4305,s2
4306,s2
4307,s2
4308,s2
4309,s2
4310,s2
4311,s2
4312,s2
4313,s2
4314,s2
4315,s2
4316,s2
4317,s2
4318,s2
4319,s2
4320,s2
4321,s2
4322,s2
4323,s2
4324,s2
4325,s2
4326,s2
4327,s2
4328,s2
4329,s2
4330,s2
4331,s2
4332,s2
4333,s2
4334,s2
4335,s2
4336,s2
4337,s2
4338,s2
4339,s2
4340,s2
4341,s2
4342,s2
4343,s2
4344,s2
4345,s2
4346,s2
4347,s2
4348,s2
4349,s2
4350,s2
4351,s2
4352,s2
4353,s2
4354,s2
4355,s2
4356,s2
4357,s2
4358,s2
4359,s2
4360,s2
4361,s2
4362,s2
4363,s2
4364,s2
4365,s2
4366,s2
4367,s2
4368,s2
4369,s2
4370,s2
4371,s2
4372,s2
4373,s2
4374,s2
4375,s2
4376,s2
4377,s2
4378,s2
4379,s2
4380,s2
4381,s2
4382,s2
4383,s2
4384,s2
4385,s2
4386,s2
4387,s2
4388,s2
4389,s2
4390,s2
4391,s2
4392,s2
4393,s2
4394,s2
4395,s2
4396,s2
4397,s2
4398,s2
4399,s2
4400,s2
4401,s2
4402,s2
4403,s2
4404,s2
4405,s2
4406,s2
4407,s2
4408,s2
4409,s2
4410,s2
4411,s2
4412,s2
4413,s2
4414,s2
4415,s2
4416,s2
4417,s2
4418,s2
4419,s2
4420,s2
4421,s2
4422,s2
4423,s2
4424,s2
4425,s2
4426,s2
4427,s2
4428,s2
4429,s2
4430,s2
4431,s2
4432,s2
4433,s2
4434,s2
4435,s2
4436,s2
4437,s2
4438,s2
4439,s2
4440,s2
4441,s2
4442,s2
4443,s2
4444,s2
4445,s2
4446,s2
4447,s2
4448,s2
4449,s2
4450,s2
4451,s2
4452,s2
4453,s2
4454,s2
4455,s2
4456,s2
4457,s2
4458,s2
4459,s2
4460,s2
4461,s2
4462,s2
4463,s2
4464,s2
4465,s2
4466,s2
4467,s2
4468,s2
4469,s2
4470,s2
4471,s2
4472,s2
4473,s2
4474,s2
4475,s2
4476,s2
4477,s2
4478,s2
4479,s2
4480,s2
4481,s2
4482,s2
4483,s2
4484,s2
4485,s2
4486,s2
4487,s2
4488,s2
4489,s2
4490,s2
4491,s2
4492,s2
4493,s2
4494,s2
4495,s2
4496,s2
4497,s2
4498,s2
4499,s2
4500,s2
4501,s2
4502,s2
4503,s2
4504,s2
4505,s2
4506,s2
4507,s2
4508,s2
4509,s2
4510,s2
4511,s2
4512,s2
4513,s2
4514,s2
4515,s2
4516,s2
4517,s2
4518,s2
4519,s2
4520,s2
4521,s2
4522,s2
4523,s2
4524,s2
4525,s2
4526,s2
4527,s2
4528,s2
4529,s2
4530,s2
4531,s2
4532,s2
4533,s2
4534,s2
4535,s2
4536,s2
4537,s2
4538,s2
4539,s2
4540,s2
4541,s2
4542,s2
4543,s2
4544,s2
4545,s2
4546,s2
4547,s2
4548,s2
4549,s2
4550,s2
4551,s2
4552,s2
4553,s2
4554,s2
4555,s2
4556,s2
4557,s2
4558,s2
4559,s2
4560,s2
4561,s2
4562,s2
4563,s2
4564,s2
4565,s2
4566,s2
4567,s2
4568,s2
4569,s2
4570,s2
4571,s2
4572,s2
4573,s2
4574,s2
4575,s2
4576,s2
4577,s2
4578,s2
4579,s2
4580,s2
4581,s2
4582,s2
4583,s2
4584,s2
4585,s2
4586,s2
4587,s2
4588,s2
4589,s2
4590,s2
4591,s2
4592,s2
4593,s2
4594,s2
4595,s2
4596,s2
4597,s2
4598,s2
4599,s2
4600,s2
4601,s2
4602,s2
4603,s2
4604,s2
4605,s2
4606,s2
4607,s2
4608,s2
4609,s2
4610,s2
4611,s2
4612,s2
4613,s2
4614,s2
4615,s2
4616,s2
4617,s2
4618,s2
4619,s2
4620,s2
4621,s2
4622,s2
4623,s2
4624,s2
4625,s2
4626,s2
4627,s2
4628,s2
4629,s2
4630,s2
4631,s2
4632,s2
4633,s2
4634,s2
4635,s2
4636,s2
4637,s2
4638,s2
4639,s2
4640,s2
4641,s2
4642,s2
4643,s2
4644,s2
4645,s2
4646,s2
4647,s2
4648,s2
4649,s2
4650,s2
4651,s2
4652,s2
4653,s2
4654,s2
4655,s2
4656,s2
4657,s2
4658,s2
4659,s2
4660,s2
4661,s2
4662,s2
4663,s2
4664,s2
4665,s2
4666,s2
4667,s2
4668,s2
4669,s2
4670,s2
4671,s2
4672,s2
4673,s2
4674,s2
4675,s2
4676,s2
4677,s2
4678,s2
4679,s2
4680,s2
4681,s2
4682,s2
4683,s2
4684,s2
4685,s2
4686,s2
4687,s2
4688,s2
4689,s2
4690,s2
4691,s2
4692,s2
4693,s2
4694,s2
4695,s2
4696,s2
4697,s2
4698,s2
4699,s2
4700,s2
4701,s2
4702,s2
4703,s2
4704,s2
4705,s2
4706,s2
4707,s2
4708,s2
4709,s2
4710,s2
4711,s2
4712,s2
4713,s2
4714,s2
4715,s2
4716,s2
4717,s2
4718,s2
4719,s2
4720,s2
4721,s2
4722,s2
4723,s2
4724,s2
4725,s2
4726,s2
4727,s2
4728,s2
4729,s2
4730,s2
4731,s2
4732,s2
4733,s2
4734,s2
4735,s2
4736,s2
4737,s2
4738,s2
4739,s2
4740,s2
4741,s2
4742,s2
4743,s2
4744,s2
4745,s2
4746,s2
4747,s2
4748,s2
4749,s2
4750,s2
4751,s2
4752,s2
4753,s2
4754,s2
4755,s2
4756,s2
4757,s2
4758,s2
4759,s2
4760,s2
4761,s2
4762,s2
4763,s2
4764,s2
4765,s2
4766,s2
4767,s2
4768,s2
4769,s2
4770,s2
4771,s2
4772,s2
4773,s2
4774,s2
4775,s2
4776,s2
4777,s2
4778,s2
4779,s2
4780,s2
4781,s2
4782,s2
4783,s2
4784,s2
4785,s2
4786,s2
4787,s2
4788,s2
4789,s2
4790,s2
4791,s2
4792,s2
4793,s2
4794,s2
4795,s2
4796,s2
4797,s2
4798,s2
4799,s2
4800,s2
4801,s2
4802,s2
4803,s2
4804,s2
4805,s2
4806,s2
4807,s2
4808,s2
4809,s2
4810,s2
4811,s2
4812,s2
4813,s2
4814,s2
4815,s2
4816,s2
4817,s2
4818,s2
4819,s2
4820,s2
4821,s2
4822,s2
4823,s2
4824,s2
4825,s2
4826,s2
4827,s2
4828,s2
4829,s2
4830,s2
4831,s2
4832,s2
4833,s2
4834,s2
4835,s2
4836,s2
4837,s2
4838,s2
4839,s2
4840,s2
4841,s2
4842,s2
4843,s2
4844,s2
4845,s2
4846,s2
4847,s2
4848,s2
4849,s2
4850,s2
4851,s2
4852,s2
4853,s2
4854,s2
4855,s2
4856,s2
4857,s2
4858,s2
4859,s2
4860,s2
4861,s2
4862,s2
4863,s2
4864,s2
4865,s2
4866,s2
4867,s2
4868,s2
4869,s2
4870,s2
4871,s2
4872,s2
4873,s2
4874,s2
4875,s2
4876,s2
4877,s2
4878,s2
4879,s2
4880,s2
4881,s2
4882,s2
4883,s2
4884,s2
4885,s2
4886,s2
4887,s2
4888,s2
4889,s2
4890,s2
4891,s2
4892,s2
4893,s2
4894,s2
4895,s2
4896,s2
4897,s2
4898,s2
4899,s2
4900,s2
4901,s2
4902,s2
4903,s2
4904,s2
4905,s2
4906,s2
4907,s2
4908,s2
4909,s2
4910,s2
4911,s2
4912,s2
4913,s2
4914,s2
4915,s2
4916,s2
4917,s2
4918,s2
4919,s2
4920,s2
4921,s2
4922,s2
4923,s2
4924,s2
4925,s2
4926,s2
4927,s2
4928,s2
4929,s2
4930,s2
4931,s2
4932,s2
4933,s2
4934,s2
4935,s2
4936,s2
4937,s2
4938,s2
4939,s2
4940,s2
4941,s2
4942,s2
4943,s2
4944,s2
4945,s2
4946,s2
4947,s2
4948,s2
4949,s2
4950,s2
4951,s2
4952,s2
4953,s2
4954,s2
4955,s2
4956,s2
4957,s2
4958,s2
4959,s2
4960,s2
4961,s2
4962,s2
4963,s2
4964,s2
4965,s2
4966,s2
4967,s2
4968,s2
4969,s2
4970,s2
4971,s2
4972,s2
4973,s2
4974,s2
4975,s2
4976,s2
4977,s2
4978,s2
4979,s2
4980,s2
4981,s2
4982,s2
4983,s2
4984,s2
4985,s2
4986,s2
4987,s2
4988,s2
4989,s2
4990,s2
4991,s2
4992,s2
4993,s2
4994,s2
4995,s2
4996,s2
4997,s2
4998,s2
4999,s2
5000,s2
5001,s2
5002,s2
5003,s2
5004,s2
5005,s2
5006,s2
5007,s2
5008,s2
5009,s2
5010,s2
5011,s2
5012,s2
5013,s2
5014,s2
5015,s2
5016,s2
5017,s2
5018,s2
5019,s2
5020,s2
5021,s2
5022,s2
5023,s2
5024,s2
5025,s2
5026,s2
5027,s2
5028,s2
5029,s2
5030,s2
5031,s2
5032,s2
5033,s2
5034,s2
5035,s2
5036,s2
5037,s2
5038,s2
5039,s2
5040,s2
5041,s2
5042,s2
5043,s2
5044,s2
5045,s2
5046,s2
5047,s2
5048,s2
5049,s2
5050,s2
5051,s2
5052,s2
5053,s2
5054,s2
5055,s2
5056,s2
5057,s2
5058,s2
5059,s2
5060,s2
5061,s2
5062,s2
5063,s2
5064,s2
5065,s2
5066,s2
5067,s2
5068,s2
5069,s2
5070,s2
5071,s2
5072,s2
5073,s2
5074,s2
5075,s2
5076,s2
5077,s2
5078,s2
5079,s2
5080,s2
5081,s2
5082,s2
5083,s2
5084,s2
5085,s2
5086,s2
5087,s2
5088,s2
5089,s2
5090,s2
5091,s2
5092,s2
5093,s2
5094,s2
5095,s2
5096,s2
5097,s2
5098,s2
5099,s2
5100,s2
5101,s2
5102,s2
5103,s2
5104,s2
5105,s2
5106,s2
5107,s2
5108,s2
5109,s2
5110,s2
5111,s2
5112,s2
5113,s2
5114,s2
5115,s2
5116,s2
5117,s2
5118,s2
5119,s2
5120,s2
5121,s2
5122,s2
5123,s2
5124,s2
5125,s2
5126,s2
5127,s2
5128,s2
5129,s2
5130,s2
5131,s2
5132,s2
5133,s2
5134,s2
5135,s2
5136,s2
5137,s2
5138,s2
5139,s2
5140,s2
5141,s2
5142,s2
5143,s2
5144,s2
5145,s2
5146,s2
5147,s2
5148,s2
5149,s2
5150,s2
5151,s2
5152,s2
5153,s2
5154,s2
5155,s2
5156,s2
5157,s2
5158,s2
5159,s2
5160,s2
5161,s2
5162,s2
5163,s2
5164,s2
5165,s2
5166,s2
5167,s2
5168,s2
5169,s2
5170,s2
5171,s2
5172,s2
5173,s2
5174,s2
5175,s2
5176,s2
5177,s2
5178,s2
5179,s2
5180,s2
5181,s2
5182,s2
5183,s2
5184,s2
5185,s2
5186,s2
5187,s2
5188,s2
5189,s2
5190,s2
5191,s2
5192,s2
5193,s2
5194,s2
5195,s2
5196,s2
5197,s2
5198,s2
5199,s2
5200,s2
5201,s2
5202,s2
5203,s2
5204,s2
5205,s2
5206,s2
5207,s2
5208,s2
5209,s2
5210,s2
5211,s2
5212,s2
5213,s2
5214,s2
5215,s2
5216,s2
5217,s2
5218,s2
5219,s2
5220,s2
5221,s2
5222,s2
5223,s2
5224,s2
5225,s2
5226,s2
5227,s2
5228,s2
5229,s2
5230,s2
5231,s2
5232,s2
5233,s2
5234,s2
5235,s2
5236,s2
5237,s2
5238,s2
5239,s2
5240,s2
5241,s2
5242,s2
5243,s2
5244,s2
5245,s2
5246,s2
5247,s2
5248,s2
5249,s2
5250,s2
5251,s2
5252,s2
5253,s2
5254,s2
5255,s2
5256,s2
5257,s2
5258,s2
5259,s2
5260,s2
5261,s2
5262,s2
5263,s2
5264,s2
5265,s2
5266,s2
5267,s2
5268,s2
5269,s2
5270,s2
5271,s2
5272,s2
5273,s2
5274,s2
5275,s2
5276,s2
5277,s2
5278,s2
5279,s2
5280,s2
5281,s2
5282,s2
5283,s2
5284,s2
5285,s2
5286,s2
5287,s2
5288,s2
5289,s2
5290,s2
5291,s2
5292,s2
5293,s2
5294,s2
5295,s2
5296,s2
5297,s2
5298,s2
5299,s2
5300,s2
5301,s2
5302,s2
5303,s2
5304,s2
5305,s2
5306,s2
5307,s2
5308,s2
5309,s2
5310,s2
5311,s2
5312,s2
5313,s2
5314,s2
5315,s2
5316,s2
5317,s2
5318,s2
5319,s2
5320,s2
5321,s2
5322,s2
5323,s2
5324,s2
5325,s2
5326,s2
5327,s2
5328,s2
5329,s2
5330,s2
5331,s2
5332,s2
5333,s2
5334,s2
5335,s2
5336,s2
5337,s2
5338,s2
5339,s2
5340,s2
5341,s2
5342,s2
5343,s2
5344,s2
5345,s2
5346,s2
5347,s2
5348,s2
5349,s2
5350,s2
5351,s2
5352,s2
5353,s2
5354,s2
5355,s2
5356,s2
5357,s2
5358,s2
5359,s2
5360,s2
5361,s2
5362,s2
5363,s2
5364,s2
5365,s2
5366,s2
5367,s2
5368,s2
5369,s2
5370,s2
5371,s2
5372,s2
5373,s2
5374,s2
5375,s2
5376,s2
5377,s2
5378,s2
5379,s2
5380,s2
5381,s2
5382,s2
5383,s2
5384,s2
5385,s2
5386,s2
5387,s2
5388,s2
5389,s2
5390,s2
5391,s2
5392,s2
5393,s2
5394,s2
5395,s2
5396,s2
5397,s2
5398,s2
5399,s2
5400,s2
5401,s2
5402,s2
5403,s2
5404,s2
5405,s2
5406,s2
5407,s2
5408,s2
5409,s2
5410,s2
5411,s2
5412,s2
5413,s2
5414,s2
5415,s2
5416,s2
5417,s2
5418,s2
5419,s2
5420,s2
5421,s2
5422,s2
5423,s2
5424,s2
5425,s2
5426,s2
5427,s2
5428,s2
5429,s2
5430,s2
5431,s2
5432,s2
5433,s2
5434,s2
5435,s2
5436,s2
5437,s2
5438,s2
5439,s2
5440,s2
5441,s2
5442,s2
5443,s2
5444,s2
5445,s2
5446,s2
5447,s2
5448,s2
5449,s2
5450,s2
5451,s2
5452,s2
5453,s2
5454,s2
5455,s2
5456,s2
5457,s2
5458,s2
5459,s2
5460,s2
5461,s2
5462,s2
5463,s2
5464,s2
5465,s2
5466,s2
5467,s2
5468,s2
5469,s2
5470,s2
5471,s2
5472,s2
5473,s2
5474,s2
5475,s2
5476,s2
5477,s2
5478,s2
5479,s2
5480,s2
5481,s2
5482,s2
5483,s2
5484,s2
5485,s2
5486,s2
5487,s2
5488,s2
5489,s2
5490,s2
5491,s2
5492,s2
5493,s2
5494,s2
5495,s2
5496,s2
5497,s2
5498,s2
5499,s2
5500,s2
5501,s2
5502,s2
5503,s2
5504,s2
5505,s2
5506,s2
5507,s2
5508,s2
5509,s2
5510,s2
5511,s2
5512,s2
5513,s2
5514,s2
5515,s2
5516,s2
5517,s2
5518,s2
5519,s2
5520,s2
5521,s2
5522,s2
5523,s2
5524,s2
5525,s2
5526,s2
5527,s2
5528,s2
5529,s2
5530,s2
5531,s2
5532,s2
5533,s2
5534,s2
5535,s2
5536,s2
5537,s2
5538,s2
5539,s2
5540,s2
5541,s2
5542,s2
5543,s2
5544,s2
5545,s2
5546,s2
5547,s2
5548,s2
5549,s2
5550,s2
5551,s2
5552,s2
5553,s2
5554,s2
5555,s2
5556,s2
5557,s2
5558,s2
5559,s2
5560,s2
5561,s2
5562,s2
5563,s2
5564,s2
5565,s2
5566,s2
5567,s2
5568,s2
5569,s2
5570,s2
5571,s2
5572,s2
5573,s2
5574,s2
5575,s2
5576,s2
5577,s2
5578,s2
5579,s2
5580,s2
5581,s2
5582,s2
5583,s2
5584,s2
5585,s2
5586,s2
5587,s2
5588,s2
5589,s2
5590,s2
5591,s2
5592,s2
5593,s2
5594,s2
5595,s2
5596,s2
5597,s2
5598,s2
5599,s2
5600,s2
5601,s2
5602,s2
5603,s2
5604,s2
5605,s2
5606,s2
5607,s2
5608,s2
5609,s2
5610,s2
5611,s2
5612,s2
5613,s2
5614,s2
5615,s2
5616,s2
5617,s2
5618,s2
5619,s2
5620,s2
5621,s2
5622,s2
5623,s2
5624,s2
5625,s2
5626,s2
5627,s2
5628,s2
5629,s2
5630,s2
5631,s2
5632,s2
5633,s2
5634,s2
5635,s2
5636,s2
5637,s2
5638,s2
5639,s2
5640,s2
5641,s2
5642,s2
5643,s2
5644,s2
5645,s2
5646,s2
5647,s2
5648,s2
5649,s2
5650,s2
5651,s2
5652,s2
5653,s2
5654,s2
5655,s2
5656,s2
5657,s2
5658,s2
5659,s2
5660,s2
5661,s2
5662,s2
5663,s2
5664,s2
5665,s2
5666,s2
5667,s2
5668,s2
5669,s2
5670,s2
5671,s2
5672,s2
5673,s2
5674,s2
5675,s2
5676,s2
5677,s2
5678,s2
5679,s2
5680,s2
5681,s2
5682,s2
5683,s2
5684,s2
5685,s2
5686,s2
5687,s2
5688,s2
5689,s2
5690,s2
5691,s2
5692,s2
5693,s2
5694,s2
5695,s2
5696,s2
5697,s2
5698,s2
5699,s2
5700,s2
5701,s2
5702,s2
5703,s2
5704,s2
5705,s2
5706,s2
5707,s2
5708,s2
5709,s2
5710,s2
5711,s2
5712,s2
5713,s2
5714,s2
5715,s2
5716,s2
5717,s2
5718,s2
5719,s2
5720,s2
5721,s2
5722,s2
5723,s2
5724,s2
5725,s2
5726,s2
5727,s2
5728,s2
5729,s2
5730,s2
5731,s2
5732,s2
5733,s2
5734,s2
5735,s2
5736,s2
5737,s2
5738,s2
5739,s2
5740,s2
5741,s2
5742,s2
5743,s2
5744,s2
5745,s2
5746,s2
5747,s2
5748,s2
5749,s2
5750,s2
5751,s2
5752,s2
5753,s2
5754,s2
5755,s2
5756,s2
5757,s2
5758,s2
5759,s2
5760,s2
5761,s2
5762,s2
5763,s2
5764,s2
5765,s2
5766,s2
5767,s2
5768,s2
5769,s2
5770,s2
5771,s2
5772,s2
5773,s2
5774,s2
5775,s2
5776,s2
5777,s2
5778,s2
5779,s2
5780,s2
5781,s2
5782,s2
5783,s2
5784,s2
5785,s2
5786,s2
5787,s2
5788,s2
5789,s2
5790,s2
5791,s2
5792,s2
5793,s2
5794,s2
5795,s2
5796,s2
5797,s2
5798,s2
5799,s2
5800,s2
5801,s2
5802,s2
5803,s2
5804,s2
5805,s2
5806,s2
5807,s2
5808,s2
5809,s2
5810,s2
5811,s2
5812,s2
5813,s2
5814,s2
5815,s2
5816,s2
5817,s2
5818,s2
5819,s2
5820,s2
5821,s2
5822,s2
5823,s2
5824,s2
5825,s2
5826,s2
5827,s2
5828,s2
5829,s2
5830,s2
5831,s2
5832,s2
5833,s2
5834,s2
5835,s2
5836,s2
5837,s2
5838,s2
5839,s2
5840,s2
5841,s2
5842,s2
5843,s2
5844,s2
5845,s2
5846,s2
5847,s2
5848,s2
5849,s2
5850,s2
5851,s2
5852,s2
5853,s2
5854,s2
5855,s2
5856,s2
5857,s2
5858,s2
5859,s2
5860,s2
5861,s2
5862,s2
5863,s2
5864,s2
5865,s2
5866,s2
5867,s2
5868,s2
5869,s2
5870,s2
5871,s2
5872,s2
5873,s2
5874,s2
5875,s2
5876,s2
5877,s2
5878,s2
5879,s2
5880,s2
5881,s2
5882,s2
5883,s2
5884,s2
5885,s2
5886,s2
5887,s2
5888,s2
5889,s2
5890,s2
5891,s2
5892,s2
5893,s2
5894,s2
5895,s2
5896,s2
5897,s2
5898,s2
5899,s2
5900,s2
5901,s2
5902,s2
5903,s2
5904,s2
5905,s2
5906,s2
5907,s2
5908,s2
5909,s2
5910,s2
5911,s2
5912,s2
5913,s2
5914,s2
5915,s2
5916,s2
5917,s2
5918,s2
5919,s2
5920,s2
5921,s2
5922,s2
5923,s2
5924,s2
5925,s2
5926,s2
5927,s2
5928,s2
5929,s2
5930,s2
5931,s2
5932,s2
5933,s2
5934,s2
5935,s2
5936,s2
5937,s2
5938,s2
5939,s2
5940,s2
5941,s2
5942,s2
5943,s2
5944,s2
5945,s2
5946,s2
5947,s2
5948,s2
5949,s2
5950,s2
5951,s2
5952,s2
5953,s2
5954,s2
5955,s2
5956,s2
5957,s2
5958,s2
5959,s2
5960,s2
5961,s2
5962,s2
5963,s2
5964,s2
5965,s2
5966,s2
5967,s2
5968,s2
5969,s2
5970,s2
5971,s2
5972,s2
5973,s2
5974,s2
5975,s2
5976,s2
5977,s2
5978,s2
5979,s2
5980,s2
5981,s2
5982,s2
5983,s2
5984,s2
5985,s2
5986,s2
5987,s2
5988,s2
5989,s2
5990,s2
5991,s2
5992,s2
5993,s2
5994,s2
5995,s2
5996,s2
5997,s2
5998,s2
5999,s2
6000,s2
6001,s2
6002,s2
6003,s2
6004,s2
6005,s2
6006,s2
6007,s2
6008,s2
6009,s2
6010,s2
6011,s2
6012,s2
6013,s2
6014,s2
6015,s2
6016,s2
6017,s2
6018,s2
6019,s2
6020,s2
6021,s2
6022,s2
6023,s2
6024,s2
6025,s2
6026,s2
6027,s2
6028,s2
6029,s2
6030,s2
6031,s2
6032,s2
6033,s2
6034,s2
6035,s2
6036,s2
6037,s2
6038,s2
6039,s2
6040,s2
6041,s2
6042,s2
6043,s2
6044,s2
6045,s2
6046,s2
6047,s2
6048,s2
6049,s2
6050,s2
6051,s2
6052,s2
6053,s2
6054,s2
6055,s2
6056,s2
6057,s2
6058,s2
6059,s2
6060,s2
6061,s2
6062,s2
6063,s2
6064,s2
6065,s2
6066,s2
6067,s2
6068,s2
6069,s2
6070,s2
6071,s2
6072,s2
6073,s2
6074,s2
6075,s2
6076,s2
6077,s2
6078,s2
6079,s2
6080,s2
6081,s2
6082,s2
6083,s2
6084,s2
6085,s2
6086,s2
6087,s2
6088,s2
6089,s2
6090,s2
6091,s2
6092,s2
6093,s2
6094,s2
6095,s2
6096,s2
6097,s2
6098,s2
6099,s2
6100,s2
6101,s2
6102,s2
6103,s2
6104,s2
6105,s2
6106,s2
6107,s2
6108,s2
6109,s2
6110,s2
6111,s2
6112,s2
6113,s2
6114,s2
6115,s2
6116,s2
6117,s2
6118,s2
6119,s2
6120,s2
6121,s2
6122,s2
6123,s2
6124,s2
6125,s2
6126,s2
6127,s2
6128,s2
6129,s2
6130,s2
6131,s2
6132,s2
6133,s2
6134,s2
6135,s2
6136,s2
6137,s2
6138,s2
6139,s2
6140,s2
6141,s2
6142,s2
6143,s2
6144,s2
6145,s2
6146,s2
6147,s2
6148,s2
6149,s2
6150,s2
6151,s2
6152,s2
6153,s2
6154,s2
6155,s2
6156,s2
6157,s2
6158,s2
6159,s2
6160,s2
6161,s2
6162,s2
6163,s2
6164,s2
6165,s2
6166,s2
6167,s2
6168,s2
6169,s2
6170,s2
6171,s2
6172,s2
6173,s2
6174,s2
6175,s2
6176,s2
6177,s2
6178,s2
6179,s2
6180,s2
6181,s2
6182,s2
6183,s2
6184,s2
6185,s2
6186,s2
6187,s2
6188,s2
6189,s2
6190,s2
6191,s2
6192,s2
6193,s2
6194,s2
6195,s2
6196,s2
6197,s2
6198,s2
6199,s2
6200,s2
6201,s2
6202,s2
6203,s2
6204,s2
6205,s2
6206,s2
6207,s2
6208,s2
6209,s2
6210,s2
6211,s2
6212,s2
6213,s2
6214,s2
6215,s2
6216,s2
6217,s2
6218,s2
6219,s2
6220,s2
6221,s2
6222,s2
6223,s2
6224,s2
6225,s2
6226,s2
6227,s2
6228,s2
6229,s2
6230,s2
6231,s2
6232,s2
6233,s2
6234,s2
6235,s2
6236,s2
6237,s2
6238,s2
6239,s2
6240,s2
6241,s2
6242,s2
6243,s2
6244,s2
6245,s2
6246,s2
6247,s2
6248,s2
6249,s2
6250,s2
6251,s2
6252,s2
6253,s2
6254,s2
6255,s2
6256,s2
6257,s2
6258,s2
6259,s2
6260,s2
6261,s2
6262,s2
6263,s2
6264,s2
6265,s2
6266,s2
6267,s2
6268,s2
6269,s2
6270,s2
6271,s2
6272,s2
6273,s2
6274,s2
6275,s2
6276,s2
6277,s2
6278,s2
6279,s2
6280,s2
6281,s2
6282,s2
6283,s2
6284,s2
6285,s2
6286,s2
6287,s2
6288,s2
6289,s2
6290,s2
6291,s2
6292,s2
6293,s2
6294,s2
6295,s2
6296,s2
6297,s2
6298,s2
6299,s2
6300,s2
6301,s2
6302,s2
6303,s2
6304,s2
6305,s2
6306,s2
6307,s2
6308,s2
6309,s2
6310,s2
6311,s2
6312,s2
6313,s2
6314,s2
6315,s2
6316,s2
6317,s2
6318,s2
6319,s2
6320,s2
6321,s2
6322,s2
6323,s2
6324,s2
6325,s2
6326,s2
6327,s2
6328,s2
6329,s2
6330,s2
6331,s2
6332,s2
6333,s2
6334,s2
6335,s2
6336,s2
6337,s2
6338,s2
6339,s2
6340,s2
6341,s2
6342,s2
6343,s2
6344,s2
6345,s2
6346,s2
6347,s2
6348,s2
6349,s2
6350,s2
6351,s2
6352,s2
6353,s2
6354,s2
6355,s2
6356,s2
6357,s2
6358,s2
6359,s2
6360,s2
6361,s2
6362,s2
6363,s2
6364,s2
6365,s2
6366,s2
6367,s2
6368,s2
6369,s2
6370,s2
6371,s2
6372,s2
6373,s2
6374,s2
6375,s2
6376,s2
6377,s2
6378,s2
6379,s2
6380,s2
6381,s2
6382,s2
6383,s2
6384,s2
6385,s2
6386,s2
6387,s2
6388,s2
6389,s2
6390,s2
6391,s2
6392,s2
6393,s2
6394,s2
6395,s2
6396,s2
6397,s2
6398,s2
6399,s2
6400,s2
6401,s2
6402,s2
6403,s2
6404,s2
6405,s2
6406,s2
6407,s2
6408,s2
6409,s2
6410,s2
6411,s2
6412,s2
6413,s2
6414,s2
6415,s2
6416,s2
6417,s2
6418,s2
6419,s2
6420,s2
6421,s2
6422,s2
6423,s2
6424,s2
6425,s2
6426,s2
6427,s2
6428,s2
6429,s2
6430,s2
6431,s2
6432,s2
6433,s2
6434,s2
6435,s2
6436,s2
6437,s2
6438,s2
6439,s2
6440,s2
6441,s2
6442,s2
6443,s2
6444,s2
6445,s2
6446,s2
6447,s2
6448,s2
6449,s2
6450,s2
6451,s2
6452,s2
6453,s2
6454,s2
6455,s2
6456,s2
6457,s2
6458,s2
6459,s2
6460,s2
6461,s2
6462,s2
6463,s2
6464,s2
6465,s2
6466,s2
6467,s2
6468,s2
6469,s2
6470,s2
6471,s2
6472,s2
6473,s2
6474,s2
6475,s2
6476,s2
6477,s2
6478,s2
6479,s2
6480,s2
6481,s2
6482,s2
6483,s2
6484,s2
6485,s2
6486,s2
6487,s2
6488,s2
6489,s2
6490,s2
6491,s2
6492,s2
6493,s2
6494,s2
6495,s2
6496,s2
6497,s2
6498,s2
6499,s2
6500,s2
6501,s2
6502,s2
6503,s2
6504,s2
6505,s2
6506,s2
6507,s2
6508,s2
6509,s2
6510,s2
6511,s2
6512,s2
6513,s2
6514,s2
6515,s2
6516,s2
6517,s2
6518,s2
6519,s2
6520,s2
6521,s2
6522,s2
6523,s2
6524,s2
6525,s2
6526,s2
6527,s2
6528,s2
6529,s2
6530,s2
6531,s2
6532,s2
6533,s2
6534,s2
6535,s2
6536,s2
6537,s2
6538,s2
6539,s2
6540,s2
6541,s2
6542,s2
6543,s2
6544,s2
6545,s2
6546,s2
6547,s2
6548,s2
6549,s2
6550,s2
6551,s2
6552,s2
6553,s2
6554,s2
6555,s2
6556,s2
6557,s2
6558,s2
6559,s2
6560,s2
6561,s2
6562,s2
6563,s2
6564,s2
6565,s2
6566,s2
6567,s2
6568,s2
6569,s2
6570,s2
6571,s2
6572,s2
6573,s2
6574,s2
6575,s2
6576,s2
6577,s2
6578,s2
6579,s2
6580,s2
6581,s2
6582,s2
6583,s2
6584,s2
6585,s2
6586,s2
6587,s2
6588,s2
6589,s2
6590,s2
6591,s2
6592,s2
6593,s2
6594,s2
6595,s2
6596,s2
6597,s2
6598,s2
6599,s2
6600,s2
6601,s2
6602,s2
6603,s2
6604,s2
6605,s2
6606,s2
6607,s2
6608,s2
6609,s2
6610,s2
6611,s2
6612,s2
6613,s2
6614,s2
6615,s2
6616,s2
6617,s2
6618,s2
6619,s2
6620,s2
6621,s2
6622,s2
6623,s2
6624,s2
6625,s2
6626,s2
6627,s2
6628,s2
6629,s2
6630,s2
6631,s2
6632,s2
6633,s2
6634,s2
6635,s2
6636,s2
6637,s2
6638,s2
6639,s2
6640,s2
6641,s2
6642,s2
6643,s2
6644,s2
6645,s2
6646,s2
6647,s2
6648,s2
6649,s2
6650,s2
6651,s2
6652,s2
6653,s2
6654,s2
6655,s2
6656,s2
6657,s2
6658,s2
6659,s2
6660,s2
6661,s2
6662,s2
6663,s2
6664,s2
6665,s2
6666,s2
6667,s2
6668,s2
6669,s2
6670,s2
6671,s2
6672,s2
6673,s2
6674,s2
6675,s2
6676,s2
6677,s2
6678,s2
6679,s2
6680,s2
6681,s2
6682,s2
6683,s2
6684,s2
6685,s2
6686,s2
6687,s2
6688,s2
6689,s2
6690,s2
6691,s2
6692,s2
6693,s2
6694,s2
6695,s2
6696,s2
6697,s2
6698,s2
6699,s2
6700,s2
6701,s2
6702,s2
6703,s2
6704,s2
6705,s2
6706,s2
6707,s2
6708,s2
6709,s2
6710,s2
6711,s2
6712,s2
6713,s2
6714,s2
6715,s2
6716,s2
6717,s2
6718,s2
6719,s2
6720,s2
6721,s2
6722,s2
6723,s2
6724,s2
6725,s2
6726,s2
6727,s2
6728,s2
6729,s2
6730,s2
6731,s2
6732,s2
6733,s2
6734,s2
6735,s2
6736,s2
6737,s2
6738,s2
6739,s2
6740,s2
6741,s2
6742,s2
6743,s2
6744,s2
6745,s2
6746,s2
6747,s2
6748,s2
6749,s2
6750,s2
6751,s2
6752,s2
6753,s2
6754,s2
6755,s2
6756,s2
6757,s2
6758,s2
6759,s2
6760,s2
6761,s2
6762,s2
6763,s2
6764,s2
6765,s2
6766,s2
6767,s2
6768,s2
6769,s2
6770,s2
6771,s2
6772,s2
6773,s2
6774,s2
6775,s2
6776,s2
6777,s2
6778,s2
6779,s2
6780,s2
6781,s2
6782,s2
6783,s2
6784,s2
6785,s2
6786,s2
6787,s2
6788,s2
6789,s2
6790,s2
6791,s2
6792,s2
6793,s2
6794,s2
6795,s2
6796,s2
6797,s2
6798,s2
6799,s2
6800,s2
6801,s2
6802,s2
6803,s2
6804,s2
6805,s2
6806,s2
6807,s2
6808,s2
6809,s2
6810,s2
6811,s2
6812,s2
6813,s2
6814,s2
6815,s2
6816,s2
6817,s2
6818,s2
6819,s2
6820,s2
6821,s2
6822,s2
6823,s2
6824,s2
6825,s2
6826,s2
6827,s2
6828,s2
6829,s2
6830,s2
6831,s2
6832,s2
6833,s2
6834,s2
6835,s2
6836,s2
6837,s2
6838,s2
6839,s2
6840,s2
6841,s2
6842,s2
6843,s2
6844,s2
6845,s2
6846,s2
6847,s2
6848,s2
6849,s2
6850,s2
6851,s2
6852,s2
6853,s2
6854,s2
6855,s2
6856,s2
6857,s2
6858,s2
6859,s2
6860,s2
6861,s2
6862,s2
6863,s2
6864,s2
6865,s2
6866,s2
6867,s2
6868,s2
6869,s2
6870,s2
6871,s2
6872,s2
6873,s2
6874,s2
6875,s2
6876,s2
6877,s2
6878,s2
6879,s2
6880,s2
6881,s2
6882,s2
6883,s2
6884,s2
6885,s2
6886,s2
6887,s2
6888,s2
6889,s2
6890,s2
6891,s2
6892,s2
6893,s2
6894,s2
6895,s2
6896,s2
6897,s2
6898,s2
6899,s2
6900,s2
6901,s2
6902,s2
6903,s2
6904,s2
6905,s2
6906,s2
6907,s2
6908,s2
6909,s2
6910,s2
6911,s2
6912,s2
6913,s2
6914,s2
6915,s2
6916,s2
6917,s2
6918,s2
6919,s2
6920,s2
6921,s2
6922,s2
6923,s2
6924,s2
6925,s2
6926,s2
6927,s2
6928,s2
6929,s2
6930,s2
6931,s2
6932,s2
6933,s2
6934,s2
6935,s2
6936,s2
6937,s2
6938,s2
6939,s2
6940,s2
6941,s2
6942,s2
6943,s2
6944,s2
6945,s2
6946,s2
6947,s2
6948,s2
6949,s2
6950,s2
6951,s2
6952,s2
6953,s2
6954,s2
6955,s2
6956,s2
6957,s2
6958,s2
6959,s2
6960,s2
6961,s2
6962,s2
6963,s2
6964,s2
6965,s2
6966,s2
6967,s2
6968,s2
6969,s2
6970,s2
6971,s2
6972,s2
6973,s2
6974,s2
6975,s2
6976,s2
6977,s2
6978,s2
6979,s2
6980,s2
6981,s2
6982,s2
6983,s2
6984,s2
6985,s2
6986,s2
6987,s2
6988,s2
6989,s2
6990,s2
6991,s2
6992,s2
6993,s2
6994,s2
6995,s2
6996,s2
6997,s2
6998,s2
6999,s2
7000,s2
7001,s2
7002,s2
7003,s2
7004,s2
7005,s2
7006,s2
7007,s2
7008,s2
7009,s2
7010,s2
7011,s2
7012,s2
7013,s2
7014,s2
7015,s2
7016,s2
7017,s2
7018,s2
7019,s2
7020,s2
7021,s2
7022,s2
7023,s2
7024,s2
7025,s2
7026,s2
7027,s2
7028,s2
7029,s2
7030,s2
7031,s2
7032,s2
7033,s2
7034,s2
7035,s2
7036,s2
7037,s2
7038,s2
7039,s2
7040,s2
7041,s2
7042,s2
7043,s2
7044,s2
7045,s2
7046,s2
7047,s2
7048,s2
7049,s2
7050,s2
7051,s2
7052,s2
7053,s2
7054,s2
7055,s2
7056,s2
7057,s2
7058,s2
7059,s2
7060,s2
7061,s2
7062,s2
7063,s2
7064,s2
7065,s2
7066,s2
7067,s2
7068,s2
7069,s2
7070,s2
7071,s2
7072,s2
7073,s2
7074,s2
7075,s2
7076,s2
7077,s2
7078,s2
7079,s2
7080,s2
7081,s2
7082,s2
7083,s2
7084,s2
7085,s2
7086,s2
7087,s2
7088,s2
7089,s2
7090,s2
7091,s2
7092,s2
7093,s2
7094,s2
7095,s2
7096,s2
7097,s2
7098,s2
7099,s2
7100,s2
7101,s2
7102,s2
7103,s2
7104,s2
7105,s2
7106,s2
7107,s2
7108,s2
7109,s2
7110,s2
7111,s2
7112,s2
7113,s2
7114,s2
7115,s2
7116,s2
7117,s2
7118,s2
7119,s2
7120,s2
7121,s2
7122,s2
7123,s2
7124,s2
7125,s2
7126,s2
7127,s2
7128,s2
7129,s2
7130,s2
7131,s2
7132,s2
7133,s2
7134,s2
7135,s2
7136,s2
7137,s2
7138,s2
7139,s2
7140,s2
7141,s2
7142,s2
7143,s2
7144,s2
7145,s2
7146,s2
7147,s2
7148,s2
7149,s2
7150,s2
7151,s2
7152,s2
7153,s2
7154,s2
7155,s2
7156,s2
7157,s2
7158,s2
7159,s2
7160,s2
7161,s2
7162,s2
7163,s2
7164,s2
7165,s2
7166,s2
7167,s2
7168,s2
7169,s2
7170,s2
7171,s2
7172,s2
7173,s2
7174,s2
7175,s2
7176,s2
7177,s2
7178,s2
7179,s2
7180,s2
7181,s2
7182,s2
7183,s2
7184,s2
7185,s2
7186,s2
7187,s2
7188,s2
7189,s2
7190,s2
7191,s2
7192,s2
7193,s2
7194,s2
7195,s2
7196,s2
7197,s2
7198,s2
7199,s2
7200,s2
7201,s2
7202,s2
7203,s2
7204,s2
7205,s2
7206,s2
7207,s2
7208,s2
7209,s2
7210,s2
7211,s2
7212,s2
7213,s2
7214,s2
7215,s2
7216,s2
7217,s2
7218,s2
7219,s2
7220,s2
7221,s2
7222,s2
7223,s2
7224,s2
7225,s2
7226,s2
7227,s2
7228,s2
7229,s2
7230,s2
7231,s2
7232,s2
7233,s2
7234,s2
7235,s2
7236,s2
7237,s2
7238,s2
7239,s2
7240,s2
7241,s2
7242,s2
7243,s2
7244,s2
7245,s2
7246,s2
7247,s2
7248,s2
7249,s2
7250,s2
7251,s2
7252,s2
7253,s2
7254,s2
7255,s2
7256,s2
7257,s2
7258,s2
7259,s2
7260,s2
7261,s2
7262,s2
7263,s2
7264,s2
7265,s2
7266,s2
7267,s2
7268,s2
7269,s2
7270,s2
7271,s2
7272,s2
7273,s2
7274,s2
7275,s2
7276,s2
7277,s2
7278,s2
7279,s2
7280,s2
7281,s2
7282,s2
7283,s2
7284,s2
7285,s2
7286,s2
7287,s2
7288,s2
7289,s2
7290,s2
7291,s2
7292,s2
7293,s2
7294,s2
7295,s2
7296,s2
7297,s2
7298,s2
7299,s2
7300,s2
7301,s2
7302,s2
7303,s2
7304,s2
7305,s2
7306,s2
7307,s2
7308,s2
7309,s2
7310,s2
7311,s2
7312,s2
7313,s2
7314,s2
7315,s2
7316,s2
7317,s2
7318,s2
7319,s2
7320,s2
7321,s2
7322,s2
7323,s2
7324,s2
7325,s2
7326,s2
7327,s2
7328,s2
7329,s2
7330,s2
7331,s2
7332,s2
7333,s2
7334,s2
7335,s2
7336,s2
7337,s2
7338,s2
7339,s2
7340,s2
7341,s2
7342,s2
7343,s2
7344,s2
7345,s2
7346,s2
7347,s2
7348,s2
7349,s2
7350,s2
7351,s2
7352,s2
7353,s2
7354,s2
7355,s2
7356,s2
7357,s2
7358,s2
7359,s2
7360,s2
7361,s2
7362,s2
7363,s2
7364,s2
7365,s2
7366,s2
7367,s2
7368,s2
7369,s2
7370,s2
7371,s2
7372,s2
7373,s2
7374,s2
7375,s2
7376,s2
7377,s2
7378,s2
7379,s2
7380,s2
7381,s2
7382,s2
7383,s2
7384,s2
7385,s2
7386,s2
7387,s2
7388,s2
7389,s2
7390,s2
7391,s2
7392,s2
7393,s2
7394,s2
7395,s2
7396,s2
7397,s2
7398,s2
7399,s2
7400,s2
7401,s2
7402,s2
7403,s2
7404,s2
7405,s2
7406,s2
7407,s2
7408,s2
7409,s2
7410,s2
7411,s2
7412,s2
7413,s2
7414,s2
7415,s2
7416,s2
7417,s2
7418,s2
7419,s2
7420,s2
7421,s2
7422,s2
7423,s2
7424,s2
7425,s2
7426,s2
7427,s2
7428,s2
7429,s2
7430,s2
7431,s2
7432,s2
7433,s2
7434,s2
7435,s2
7436,s2
7437,s2
7438,s2
7439,s2
7440,s2
7441,s2
7442,s2
7443,s2
7444,s2
7445,s2
7446,s2
7447,s2
7448,s2
7449,s2
7450,s2
7451,s2
7452,s2
7453,s2
7454,s2
7455,s2
7456,s2
7457,s2
7458,s2
7459,s2
7460,s2
7461,s2
7462,s2
7463,s2
7464,s2
7465,s2
7466,s2
7467,s2
7468,s2
7469,s2
7470,s2
7471,s2
7472,s2
7473,s2
7474,s2
7475,s2
7476,s2
7477,s2
7478,s2
7479,s2
7480,s2
7481,s2
7482,s2
7483,s2
7484,s2
7485,s2
7486,s2
7487,s2
7488,s2
7489,s2
7490,s2
7491,s2
7492,s2
7493,s2
7494,s2
7495,s2
7496,s2
7497,s2
7498,s2
7499,s2
7500,s2
7501,s2
7502,s2
7503,s2
7504,s2
7505,s2
7506,s2
7507,s2
7508,s2
7509,s2
7510,s2
7511,s2
7512,s2
7513,s2
7514,s2
7515,s2
7516,s2
7517,s2
7518,s2
7519,s2
7520,s2
7521,s2
7522,s2
7523,s2
7524,s2
7525,s2
7526,s2
7527,s2
7528,s2
7529,s2
7530,s2
7531,s2
7532,s2
7533,s2
7534,s2
7535,s2
7536,s2
7537,s2
7538,s2
7539,s2
7540,s2
7541,s2
7542,s2
7543,s2
7544,s2
7545,s2
7546,s2
7547,s2
7548,s2
7549,s2
7550,s2
7551,s2
7552,s2
7553,s2
7554,s2
7555,s2
7556,s2
7557,s2
7558,s2
7559,s2
7560,s2
7561,s2
7562,s2
7563,s2
7564,s2
7565,s2
7566,s2
7567,s2
7568,s2
7569,s2
7570,s2
7571,s2
7572,s2
7573,s2
7574,s2
7575,s2
7576,s2
7577,s2
7578,s2
7579,s2
7580,s2
7581,s2
7582,s2
7583,s2
7584,s2
7585,s2
7586,s2
7587,s2
7588,s2
7589,s2
7590,s2
7591,s2
7592,s2
7593,s2
7594,s2
7595,s2
7596,s2
7597,s2
7598,s2
7599,s2
7600,s2
7601,s2
7602,s2
7603,s2
7604,s2
7605,s2
7606,s2
7607,s2
7608,s2
7609,s2
7610,s2
7611,s2
7612,s2
7613,s2
7614,s2
7615,s2
7616,s2
7617,s2
7618,s2
7619,s2
7620,s2
7621,s2
7622,s2
7623,s2
7624,s2
7625,s2
7626,s2
7627,s2
7628,s2
7629,s2
7630,s2
7631,s2
7632,s2
7633,s2
7634,s2
7635,s2
7636,s2
7637,s2
7638,s2
7639,s2
7640,s2
7641,s2
7642,s2
7643,s2
7644,s2
7645,s2
7646,s2
7647,s2
7648,s2
7649,s2
7650,s2
7651,s2
7652,s2
7653,s2
7654,s2
7655,s2
7656,s2
7657,s2
7658,s2
7659,s2
7660,s2
7661,s2
7662,s2
7663,s2
7664,s2
7665,s2
7666,s2
7667,s2
7668,s2
7669,s2
7670,s2
7671,s2
7672,s2
7673,s2
7674,s2
7675,s2
7676,s2
7677,s2
7678,s2
7679,s2
7680,s2
7681,s2
7682,s2
7683,s2
7684,s2
7685,s2
7686,s2
7687,s2
7688,s2
7689,s2
7690,s2
7691,s2
7692,s2
7693,s2
7694,s2
7695,s2
7696,s2
7697,s2
7698,s2
7699,s2
7700,s2
7701,s2
7702,s2
7703,s2
7704,s2
7705,s2
7706,s2
7707,s2
7708,s2
7709,s2
7710,s2
7711,s2
7712,s2
7713,s2
7714,s2
7715,s2
7716,s2
7717,s2
7718,s2
7719,s2
7720,s2
7721,s2
7722,s2
7723,s2
7724,s2
7725,s2
7726,s2
7727,s2
7728,s2
7729,s2
7730,s2
7731,s2
7732,s2
7733,s2
7734,s2
7735,s2
7736,s2
7737,s2
7738,s2
7739,s2
7740,s2
7741,s2
7742,s2
7743,s2
7744,s2
7745,s2
7746,s2
7747,s2
7748,s2
7749,s2
7750,s2
7751,s2
7752,s2
7753,s2
7754,s2
7755,s2
7756,s2
7757,s2
7758,s2
7759,s2
7760,s2
7761,s2
7762,s2
7763,s2
7764,s2
7765,s2
7766,s2
7767,s2
7768,s2
7769,s2
7770,s2
7771,s2
7772,s2
7773,s2
7774,s2
7775,s2
7776,s2
7777,s2
7778,s2
7779,s2
7780,s2
7781,s2
7782,s2
7783,s2
7784,s2
7785,s2
7786,s2
7787,s2
7788,s2
7789,s2
7790,s2
7791,s2
7792,s2
7793,s2
7794,s2
7795,s2
7796,s2
7797,s2
7798,s2
7799,s2
7800,s2
7801,s2
7802,s2
7803,s2
7804,s2
7805,s2
7806,s2
7807,s2
7808,s2
7809,s2
7810,s2
7811,s2
7812,s2
7813,s2
7814,s2
7815,s2
7816,s2
7817,s2
7818,s2
7819,s2
7820,s2
7821,s2
7822,s2
7823,s2
7824,s2
7825,s2
7826,s2
7827,s2
7828,s2
7829,s2
7830,s2
7831,s2
7832,s2
7833,s2
7834,s2
7835,s2
7836,s2
7837,s2
7838,s2
7839,s2
7840,s2
7841,s2
7842,s2
7843,s2
7844,s2
7845,s2
7846,s2
7847,s2
7848,s2
7849,s2
7850,s2
7851,s2
7852,s2
7853,s2
7854,s2
7855,s2
7856,s2
7857,s2
7858,s2
7859,s2
7860,s2
7861,s2
7862,s2
7863,s2
7864,s2
7865,s2
7866,s2
7867,s2
7868,s2
7869,s2
7870,s2
7871,s2
7872,s2
7873,s2
7874,s2
7875,s2
7876,s2
7877,s2
7878,s2
7879,s2
7880,s2
7881,s2
7882,s2
7883,s2
7884,s2
7885,s2
7886,s2
7887,s2
7888,s2
7889,s2
7890,s2
7891,s2
7892,s2
7893,s2
7894,s2
7895,s2
7896,s2
7897,s2
7898,s2
7899,s2
7900,s2
7901,s2
7902,s2
7903,s2
7904,s2
7905,s2
7906,s2
7907,s2
7908,s2
7909,s2
7910,s2
7911,s2
7912,s2
7913,s2
7914,s2
7915,s2
7916,s2
7917,s2
7918,s2
7919,s2
7920,s2
7921,s2
7922,s2
7923,s2
7924,s2
7925,s2
7926,s2
7927,s2
7928,s2
7929,s2
7930,s2
7931,s2
7932,s2
7933,s2
7934,s2
7935,s2
7936,s2
7937,s2
7938,s2
7939,s2
7940,s2
7941,s2
7942,s2
7943,s2
7944,s2
7945,s2
7946,s2
7947,s2
7948,s2
7949,s2
7950,s2
7951,s2
7952,s2
7953,s2
7954,s2
7955,s2
7956,s2
7957,s2
7958,s2
7959,s2
7960,s2
7961,s2
7962,s2
7963,s2
7964,s2
7965,s2
7966,s2
7967,s2
7968,s2
7969,s2
7970,s2
7971,s2
7972,s2
7973,s2
7974,s2
7975,s2
7976,s2
7977,s2
7978,s2
7979,s2
7980,s2
7981,s2
7982,s2
7983,s2
7984,s2
7985,s2
7986,s2
7987,s2
7988,s2
7989,s2
7990,s2
7991,s2
7992,s2
7993,s2
7994,s2
7995,s2
7996,s2
7997,s2
7998,s2
7999,s2
8000,s2
8001,s2
8002,s2
8003,s2
8004,s2
8005,s2
8006,s2
8007,s2
8008,s2
8009,s2
8010,s2
8011,s2
8012,s2
8013,s2
8014,s2
8015,s2
8016,s2
8017,s2
8018,s2
8019,s2
8020,s2
8021,s2
8022,s2
8023,s2
8024,s2
8025,s2
8026,s2
8027,s2
8028,s2
8029,s2
8030,s2
8031,s2
8032,s2
8033,s2
8034,s2
8035,s2
8036,s2
8037,s2
8038,s2
8039,s2
8040,s2
8041,s2
8042,s2
8043,s2
8044,s2
8045,s2
8046,s2
8047,s2
8048,s2
8049,s2
8050,s2
8051,s2
8052,s2
8053,s2
8054,s2
8055,s2
8056,s2
8057,s2
8058,s2
8059,s2
8060,s2
8061,s2
8062,s2
8063,s2
8064,s2
8065,s2
8066,s2
8067,s2
8068,s2
8069,s2
8070,s2
8071,s2
8072,s2
8073,s2
8074,s2
8075,s2
8076,s2
8077,s2
8078,s2
8079,s2
8080,s2
8081,s2
8082,s2
8083,s2
8084,s2
8085,s2
8086,s2
8087,s2
8088,s2
8089,s2
8090,s2
8091,s2
8092,s2
8093,s2
8094,s2
8095,s2
8096,s2
8097,s2
8098,s2
8099,s2
8100,s2
8101,s2
8102,s2
8103,s2
8104,s2
8105,s2
8106,s2
8107,s2
8108,s2
8109,s2
8110,s2
8111,s2
8112,s2
8113,s2
8114,s2
8115,s2
8116,s2
8117,s2
8118,s2
8119,s2
8120,s2
8121,s2
8122,s2
8123,s2
8124,s2
8125,s2
8126,s2
8127,s2
8128,s2
8129,s2
8130,s2
8131,s2
8132,s2
8133,s2
8134,s2
8135,s2
8136,s2
8137,s2
8138,s2
8139,s2
8140,s2
8141,s2
8142,s2
8143,s2
8144,s2
8145,s2
8146,s2
8147,s2
8148,s2
8149,s2
8150,s2
8151,s2
8152,s2
8153,s2
8154,s2
8155,s2
8156,s2
8157,s2
8158,s2
8159,s2
8160,s2
8161,s2
8162,s2
8163,s2
8164,s2
8165,s2
8166,s2
8167,s2
8168,s2
8169,s2
8170,s2
8171,s2
8172,s2
8173,s2
8174,s2
8175,s2
8176,s2
8177,s2
8178,s2
8179,s2
8180,s2
8181,s2
8182,s2
8183,s2
8184,s2
8185,s2
8186,s2
8187,s2
8188,s2
8189,s2
8190,s2
8191,s2
8192,s2
8193,s2
8194,s2
8195,s2
8196,s2
8197,s2
8198,s2
8199,s2
8200,s2
8201,s2
8202,s2
8203,s2
8204,s2
8205,s2
8206,s2
8207,s2
8208,s2
8209,s2
8210,s2
8211,s2
8212,s2
8213,s2
8214,s2
8215,s2
8216,s2
8217,s2
8218,s2
8219,s2
8220,s2
8221,s2
8222,s2
8223,s2
8224,s2
8225,s2
8226,s2
8227,s2
8228,s2
8229,s2
8230,s2
8231,s2
8232,s2
8233,s2
8234,s2
8235,s2
8236,s2
8237,s2
8238,s2
8239,s2
8240,s2
8241,s2
8242,s2
8243,s2
8244,s2
8245,s2
8246,s2
8247,s2
8248,s2
8249,s2
8250,s2
8251,s2
8252,s2
8253,s2
8254,s2
8255,s2
8256,s2
8257,s2
8258,s2
8259,s2
8260,s2
8261,s2
8262,s2
8263,s2
8264,s2
8265,s2
8266,s2
8267,s2
8268,s2
8269,s2
8270,s2
8271,s2
8272,s2
8273,s2
8274,s2
8275,s2
8276,s2
8277,s2
8278,s2
8279,s2
8280,s2
8281,s2
8282,s2
8283,s2
8284,s2
8285,s2
8286,s2
8287,s2
8288,s2
8289,s2
8290,s2
8291,s2
8292,s2
8293,s2
8294,s2
8295,s2
8296,s2
8297,s2
8298,s2
8299,s2
8300,s2
8301,s2
8302,s2
8303,s2
8304,s2
8305,s2
8306,s2
8307,s2
8308,s2
8309,s2
8310,s2
8311,s2
8312,s2
8313,s2
8314,s2
8315,s2
8316,s2
8317,s2
8318,s2
8319,s2
8320,s2
8321,s2
8322,s2
8323,s2
8324,s2
8325,s2
8326,s2
8327,s2
8328,s2
8329,s2
8330,s2
8331,s2
8332,s2
8333,s2
8334,s2
8335,s2
8336,s2
8337,s2
8338,s2
8339,s2
8340,s2
8341,s2
8342,s2
8343,s2
8344,s2
8345,s2
8346,s2
8347,s2
8348,s2
8349,s2
8350,s2
8351,s2
8352,s2
8353,s2
8354,s2
8355,s2
8356,s2
8357,s2
8358,s2
8359,s2
8360,s2
8361,s2
8362,s2
8363,s2
8364,s2
8365,s2
8366,s2
8367,s2
8368,s2
8369,s2
8370,s2
8371,s2
8372,s2
8373,s2
8374,s2
8375,s2
8376,s2
8377,s2
8378,s2
8379,s2
8380,s2
8381,s2
8382,s2
8383,s2
8384,s2
8385,s2
8386,s2
8387,s2
8388,s2
8389,s2
8390,s2
8391,s2
8392,s2
8393,s2
8394,s2
8395,s2
8396,s2
8397,s2
8398,s2
8399,s2
8400,s2
8401,s2
8402,s2
8403,s2
8404,s2
8405,s2
8406,s2
8407,s2
8408,s2
8409,s2
8410,s2
8411,s2
8412,s2
8413,s2
8414,s2
8415,s2
8416,s2
8417,s2
8418,s2
8419,s2
8420,s2
8421,s2
8422,s2
8423,s2
8424,s2
8425,s2
8426,s2
8427,s2
8428,s2
8429,s2
8430,s2
8431,s2
8432,s2
8433,s2
8434,s2
8435,s2
8436,s2
8437,s2
8438,s2
8439,s2
8440,s2
8441,s2
8442,s2
8443,s2
8444,s2
8445,s2
8446,s2
8447,s2
8448,s2
8449,s2
8450,s2
8451,s2
8452,s2
8453,s2
8454,s2
8455,s2
8456,s2
8457,s2
8458,s2
8459,s2
8460,s2
8461,s2
8462,s2
8463,s2
8464,s2
8465,s2
8466,s2
8467,s2
8468,s2
8469,s2
8470,s2
8471,s2
8472,s2
8473,s2
8474,s2
8475,s2
8476,s2
8477,s2
8478,s2
8479,s2
8480,s2
8481,s2
8482,s2
8483,s2
8484,s2
8485,s2
8486,s2
8487,s2
8488,s2
8489,s2
8490,s2
8491,s2
8492,s2
8493,s2
8494,s2
8495,s2
8496,s2
8497,s2
8498,s2
8499,s2
8500,s2
8501,s2
8502,s2
8503,s2
8504,s2
8505,s2
8506,s2
8507,s2
8508,s2
8509,s2
8510,s2
8511,s2
8512,s2
8513,s2
8514,s2
8515,s2
8516,s2
8517,s2
8518,s2
8519,s2
8520,s2
8521,s2
8522,s2
8523,s2
8524,s2
8525,s2
8526,s2
8527,s2
8528,s2
8529,s2
8530,s2
8531,s2
8532,s2
8533,s2
8534,s2
8535,s2
8536,s2
8537,s2
8538,s2
8539,s2
8540,s2
8541,s2
8542,s2
8543,s2
8544,s2
8545,s2
8546,s2
8547,s2
8548,s2
8549,s2
8550,s2
8551,s2
8552,s2
8553,s2
8554,s2
8555,s2
8556,s2
8557,s2
8558,s2
8559,s2
8560,s2
8561,s2
8562,s2
8563,s2
8564,s2
8565,s2
8566,s2
8567,s2
8568,s2
8569,s2
8570,s2
8571,s2
8572,s2
8573,s2
8574,s2
8575,s2
8576,s2
8577,s2
8578,s2
8579,s2
8580,s2
8581,s2
8582,s2
8583,s2
8584,s2
8585,s2
8586,s2
8587,s2
8588,s2
8589,s2
8590,s2
8591,s2
8592,s2
8593,s2
8594,s2
8595,s2
8596,s2
8597,s2
8598,s2
8599,s2
8600,s2
8601,s2
8602,s2
8603,s2
8604,s2
8605,s2
8606,s2
8607,s2
8608,s2
8609,s2
8610,s2
8611,s2
8612,s2
8613,s2
8614,s2
8615,s2
8616,s2
8617,s2
8618,s2
8619,s2
8620,s2
8621,s2
8622,s2
8623,s2
8624,s2
8625,s2
8626,s2
8627,s2
8628,s2
8629,s2
8630,s2
8631,s2
8632,s2
8633,s2
8634,s2
8635,s2
8636,s2
8637,s2
8638,s2
8639,s2
8640,s2
8641,s2
8642,s2
8643,s2
8644,s2
8645,s2
8646,s2
8647,s2
8648,s2
8649,s2
8650,s2
8651,s2
8652,s2
8653,s2
8654,s2
8655,s2
8656,s2
8657,s2
8658,s2
8659,s2
8660,s2
8661,s2
8662,s2
8663,s2
8664,s2
8665,s2
8666,s2
8667,s2
8668,s2
8669,s2
8670,s2
8671,s2
8672,s2
8673,s2
8674,s2
8675,s2
8676,s2
8677,s2
8678,s2
8679,s2
8680,s2
8681,s2
8682,s2
8683,s2
8684,s2
8685,s2
8686,s2
8687,s2
8688,s2
8689,s2
8690,s2
8691,s2
8692,s2
8693,s2
8694,s2
8695,s2
8696,s2
8697,s2
8698,s2
8699,s2
8700,s2
8701,s2
8702,s2
8703,s2
8704,s2
8705,s2
8706,s2
8707,s2
8708,s2
8709,s2
8710,s2
8711,s2
8712,s2
8713,s2
8714,s2
8715,s2
8716,s2
8717,s2
8718,s2
8719,s2
8720,s2
8721,s2
8722,s2
8723,s2
8724,s2
8725,s2
8726,s2
8727,s2
8728,s2
8729,s2
8730,s2
8731,s2
8732,s2
8733,s2
8734,s2
8735,s2
8736,s2
8737,s2
8738,s2
8739,s2
8740,s2
8741,s2
8742,s2
8743,s2
8744,s2
8745,s2
8746,s2
8747,s2
8748,s2
8749,s2
8750,s2
8751,s2
8752,s2
8753,s2
8754,s2
8755,s2
8756,s2
8757,s2
8758,s2
8759,s2
8760,s2
8761,s2
8762,s2
8763,s2
8764,s2
8765,s2
8766,s2
8767,s2
8768,s2
8769,s2
8770,s2
8771,s2
8772,s2
8773,s2
8774,s2
8775,s2
8776,s2
8777,s2
8778,s2
8779,s2
8780,s2
8781,s2
8782,s2
8783,s2
8784,s2
8785,s2
8786,s2
8787,s2
8788,s2
8789,s2
8790,s2
8791,s2
8792,s2
8793,s2
8794,s2
8795,s2
8796,s2
8797,s2
8798,s2
8799,s2
8800,s2
8801,s2
8802,s2
8803,s2
8804,s2
8805,s2
8806,s2
8807,s2
8808,s2
8809,s2
8810,s2
8811,s2
8812,s2
8813,s2
8814,s2
8815,s2
8816,s2
8817,s2
8818,s2
8819,s2
8820,s2
8821,s2
8822,s2
8823,s2
8824,s2
8825,s2
8826,s2
8827,s2
8828,s2
8829,s2
8830,s2
8831,s2
8832,s2
8833,s2
8834,s2
8835,s2
8836,s2
8837,s2
8838,s2
8839,s2
8840,s2
8841,s2
8842,s2
8843,s2
8844,s2
8845,s2
8846,s2
8847,s2
8848,s2
8849,s2
8850,s2
8851,s2
8852,s2
8853,s2
8854,s2
8855,s2
8856,s2
8857,s2
8858,s2
8859,s2
8860,s2
8861,s2
8862,s2
8863,s2
8864,s2
8865,s2
8866,s2
8867,s2
8868,s2
8869,s2
8870,s2
8871,s2
8872,s2
8873,s2
8874,s2
8875,s2
8876,s2
8877,s2
8878,s2
8879,s2
8880,s2
8881,s2
8882,s2
8883,s2
8884,s2
8885,s2
8886,s2
8887,s2
8888,s2
8889,s2
8890,s2
8891,s2
8892,s2
8893,s2
8894,s2
8895,s2
8896,s2
8897,s2
8898,s2
8899,s2
8900,s2
8901,s2
8902,s2
8903,s2
8904,s2
8905,s2
8906,s2
8907,s2
8908,s2
8909,s2
8910,s2
8911,s2
8912,s2
8913,s2
8914,s2
8915,s2
8916,s2
8917,s2
8918,s2
8919,s2
8920,s2
8921,s2
8922,s2
8923,s2
8924,s2
8925,s2
8926,s2
8927,s2
8928,s2
8929,s2
8930,s2
8931,s2
8932,s2
8933,s2
8934,s2
8935,s2
8936,s2
8937,s2
8938,s2
8939,s2
8940,s2
8941,s2
8942,s2
8943,s2
8944,s2
8945,s2
8946,s2
8947,s2
8948,s2
8949,s2
8950,s2
8951,s2
8952,s2
8953,s2
8954,s2
8955,s2
8956,s2
8957,s2
8958,s2
8959,s2
8960,s2
8961,s2
8962,s2
8963,s2
8964,s2
8965,s2
8966,s2
8967,s2
8968,s2
8969,s2
8970,s2
8971,s2
8972,s2
8973,s2
8974,s2
8975,s2
8976,s2
8977,s2
8978,s2
8979,s2
8980,s2
8981,s2
8982,s2
8983,s2
8984,s2
8985,s2
8986,s2
8987,s2
8988,s2
8989,s2
8990,s2
8991,s2
8992,s2
8993,s2
8994,s2
8995,s2
8996,s2
8997,s2
8998,s2
8999,s2
9000,s2
9001,s2
9002,s2
9003,s2
9004,s2
9005,s2
9006,s2
9007,s2
9008,s2
9009,s2
9010,s2
9011,s2
9012,s2
9013,s2
9014,s2
9015,s2
9016,s2
9017,s2
9018,s2
9019,s2
9020,s2
9021,s2
9022,s2
9023,s2
9024,s2
9025,s2
9026,s2
9027,s2
9028,s2
9029,s2
9030,s2
9031,s2
9032,s2
9033,s2
9034,s2
9035,s2
9036,s2
9037,s2
9038,s2
9039,s2
9040,s2
9041,s2
9042,s2
9043,s2
9044,s2
9045,s2
9046,s2
9047,s2
9048,s2
9049,s2
9050,s2
9051,s2
9052,s2
9053,s2
9054,s2
9055,s2
9056,s2
9057,s2
9058,s2
9059,s2
9060,s2
9061,s2
9062,s2
9063,s2
9064,s2
9065,s2
9066,s2
9067,s2
9068,s2
9069,s2
9070,s2
9071,s2
9072,s2
9073,s2
9074,s2
9075,s2
9076,s2
9077,s2
9078,s2
9079,s2
9080,s2
9081,s2
9082,s2
9083,s2
9084,s2
9085,s2
9086,s2
9087,s2
9088,s2
9089,s2
9090,s2
9091,s2
9092,s2
9093,s2
9094,s2
9095,s2
9096,s2
9097,s2
9098,s2
9099,s2
9100,s2
9101,s2
9102,s2
9103,s2
9104,s2
9105,s2
9106,s2
9107,s2
9108,s2
9109,s2
9110,s2
9111,s2
9112,s2
9113,s2
9114,s2
9115,s2
9116,s2
9117,s2
9118,s2
9119,s2
9120,s2
9121,s2
9122,s2
9123,s2
9124,s2
9125,s2
9126,s2
9127,s2
9128,s2
9129,s2
9130,s2
9131,s2
9132,s2
9133,s2
9134,s2
9135,s2
9136,s2
9137,s2
9138,s2
9139,s2
9140,s2
9141,s2
9142,s2
9143,s2
9144,s2
9145,s2
9146,s2
9147,s2
9148,s2
9149,s2
9150,s2
9151,s2
9152,s2
9153,s2
9154,s2
9155,s2
9156,s2
9157,s2
9158,s2
9159,s2
9160,s2
9161,s2
9162,s2
9163,s2
9164,s2
9165,s2
9166,s2
9167,s2
9168,s2
9169,s2
9170,s2
9171,s2
9172,s2
9173,s2
9174,s2
9175,s2
9176,s2
9177,s2
9178,s2
9179,s2
9180,s2
9181,s2
9182,s2
9183,s2
9184,s2
9185,s2
9186,s2
9187,s2
9188,s2
9189,s2
9190,s2
9191,s2
9192,s2
9193,s2
9194,s2
9195,s2
9196,s2
9197,s2
9198,s2
9199,s2
9200,s2
9201,s2
9202,s2
9203,s2
9204,s2
9205,s2
9206,s2
9207,s2
9208,s2
9209,s2
9210,s2
9211,s2
9212,s2
9213,s2
9214,s2
9215,s2
9216,s2
9217,s2
9218,s2
9219,s2
9220,s2
9221,s2
9222,s2
9223,s2
9224,s2
9225,s2
9226,s2
9227,s2
9228,s2
9229,s2
9230,s2
9231,s2
9232,s2
9233,s2
9234,s2
9235,s2
9236,s2
9237,s2
9238,s2
9239,s2
9240,s2
9241,s2
9242,s2
9243,s2
9244,s2
9245,s2
9246,s2
9247,s2
9248,s2
9249,s2
9250,s2
9251,s2
9252,s2
9253,s2
9254,s2
9255,s2
9256,s2
9257,s2
9258,s2
9259,s2
9260,s2
9261,s2
9262,s2
9263,s2
9264,s2
9265,s2
9266,s2
9267,s2
9268,s2
9269,s2
9270,s2
9271,s2
9272,s2
9273,s2
9274,s2
9275,s2
9276,s2
9277,s2
9278,s2
9279,s2
9280,s2
9281,s2
9282,s2
9283,s2
9284,s2
9285,s2
9286,s2
9287,s2
9288,s2
9289,s2
9290,s2
9291,s2
9292,s2
9293,s2
9294,s2
9295,s2
9296,s2
9297,s2
9298,s2
9299,s2
9300,s2
9301,s2
9302,s2
9303,s2
9304,s2
9305,s2
9306,s2
9307,s2
9308,s2
9309,s2
9310,s2
9311,s2
9312,s2
9313,s2
9314,s2
9315,s2
9316,s2
9317,s2
9318,s2
9319,s2
9320,s2
9321,s2
9322,s2
9323,s2
9324,s2
9325,s2
9326,s2
9327,s2
9328,s2
9329,s2
9330,s2
9331,s2
9332,s2
9333,s2
9334,s2
9335,s2
9336,s2
9337,s2
9338,s2
9339,s2
9340,s2
9341,s2
9342,s2
9343,s2
9344,s2
9345,s2
9346,s2
9347,s2
9348,s2
9349,s2
9350,s2
9351,s2
9352,s2
9353,s2
9354,s2
9355,s2
9356,s2
9357,s2
9358,s2
9359,s2
9360,s2
9361,s2
9362,s2
9363,s2
9364,s2
9365,s2
9366,s2
9367,s2
9368,s2
9369,s2
9370,s2
9371,s2
9372,s2
9373,s2
9374,s2
9375,s2
9376,s2
9377,s2
9378,s2
9379,s2
9380,s2
9381,s2
9382,s2
9383,s2
9384,s2
9385,s2
9386,s2
9387,s2
9388,s2
9389,s2
9390,s2
9391,s2
9392,s2
9393,s2
9394,s2
9395,s2
9396,s2
9397,s2
9398,s2
9399,s2
9400,s2
9401,s2
9402,s2
9403,s2
9404,s2
9405,s2
9406,s2
9407,s2
9408,s2
9409,s2
9410,s2
9411,s2
9412,s2
9413,s2
9414,s2
9415,s2
9416,s2
9417,s2
9418,s2
9419,s2
9420,s2
9421,s2
9422,s2
9423,s2
9424,s2
9425,s2
9426,s2
9427,s2
9428,s2
9429,s2
9430,s2
9431,s2
9432,s2
9433,s2
9434,s2
9435,s2
9436,s2
9437,s2
9438,s2
9439,s2
9440,s2
9441,s2
9442,s2
9443,s2
9444,s2
9445,s2
9446,s2
9447,s2
9448,s2
9449,s2
9450,s2
9451,s2
9452,s2
9453,s2
9454,s2
9455,s2
9456,s2
9457,s2
9458,s2
9459,s2
9460,s2
9461,s2
9462,s2
9463,s2
9464,s2
9465,s2
9466,s2
9467,s2
9468,s2
9469,s2
9470,s2
9471,s2
9472,s2
9473,s2
9474,s2
9475,s2
9476,s2
9477,s2
9478,s2
9479,s2
9480,s2
9481,s2
9482,s2
9483,s2
9484,s2
9485,s2
9486,s2
9487,s2
9488,s2
9489,s2
9490,s2
9491,s2
9492,s2
9493,s2
9494,s2
9495,s2
9496,s2
9497,s2
9498,s2
9499,s2
9500,s2
9501,s2
9502,s2
9503,s2
9504,s2
9505,s2
9506,s2
9507,s2
9508,s2
9509,s2
9510,s2
9511,s2
9512,s2
9513,s2
9514,s2
9515,s2
9516,s2
9517,s2
9518,s2
9519,s2
9520,s2
9521,s2
9522,s2
9523,s2
9524,s2
9525,s2
9526,s2
9527,s2
9528,s2
9529,s2
9530,s2
9531,s2
9532,s2
9533,s2
9534,s2
9535,s2
9536,s2
9537,s2
9538,s2
9539,s2
9540,s2
9541,s2
9542,s2
9543,s2
9544,s2
9545,s2
9546,s2
9547,s2
9548,s2
9549,s2
9550,s2
9551,s2
9552,s2
9553,s2
9554,s2
9555,s2
9556,s2
9557,s2
9558,s2
9559,s2
9560,s2
9561,s2
9562,s2
9563,s2
9564,s2
9565,s2
9566,s2
9567,s2
9568,s2
9569,s2
9570,s2
9571,s2
9572,s2
9573,s2
9574,s2
9575,s2
9576,s2
9577,s2
9578,s2
9579,s2
9580,s2
9581,s2
9582,s2
9583,s2
9584,s2
9585,s2
9586,s2
9587,s2
9588,s2
9589,s2
9590,s2
9591,s2
9592,s2
9593,s2
9594,s2
9595,s2
9596,s2
9597,s2
9598,s2
9599,s2
9600,s2
9601,s2
9602,s2
9603,s2
9604,s2
9605,s2
9606,s2
9607,s2
9608,s2
9609,s2
9610,s2
9611,s2
9612,s2
9613,s2
9614,s2
9615,s2
9616,s2
9617,s2
9618,s2
9619,s2
9620,s2
9621,s2
9622,s2
9623,s2
9624,s2
9625,s2
9626,s2
9627,s2
9628,s2
9629,s2
9630,s2
9631,s2
9632,s2
9633,s2
9634,s2
9635,s2
9636,s2
9637,s2
9638,s2
9639,s2
9640,s2
9641,s2
9642,s2
9643,s2
9644,s2
9645,s2
9646,s2
9647,s2
9648,s2
9649,s2
9650,s2
9651,s2
9652,s2
9653,s2
9654,s2
9655,s2
9656,s2
9657,s2
9658,s2
9659,s2
9660,s2
9661,s2
9662,s2
9663,s2
9664,s2
9665,s2
9666,s2
9667,s2
9668,s2
9669,s2
9670,s2
9671,s2
9672,s2
9673,s2
9674,s2
9675,s2
9676,s2
9677,s2
9678,s2
9679,s2
9680,s2
9681,s2
9682,s2
9683,s2
9684,s2
9685,s2
9686,s2
9687,s2
9688,s2
9689,s2
9690,s2
9691,s2
9692,s2
9693,s2
9694,s2
9695,s2
9696,s2
9697,s2
9698,s2
9699,s2
9700,s2
9701,s2
9702,s2
9703,s2
9704,s2
9705,s2
9706,s2
9707,s2
9708,s2
9709,s2
9710,s2
9711,s2
9712,s2
9713,s2
9714,s2
9715,s2
9716,s2
9717,s2
9718,s2
9719,s2
9720,s2
9721,s2
9722,s2
9723,s2
9724,s2
9725,s2
9726,s2
9727,s2
9728,s2
9729,s2
9730,s2
9731,s2
9732,s2
9733,s2
9734,s2
9735,s2
9736,s2
9737,s2
9738,s2
9739,s2
9740,s2
9741,s2
9742,s2
9743,s2
9744,s2
9745,s2
9746,s2
9747,s2
9748,s2
9749,s2
9750,s2
9751,s2
9752,s2
9753,s2
9754,s2
9755,s2
9756,s2
9757,s2
9758,s2
9759,s2
9760,s2
9761,s2
9762,s2
9763,s2
9764,s2
9765,s2
9766,s2
9767,s2
9768,s2
9769,s2
9770,s2
9771,s2
9772,s2
9773,s2
9774,s2
9775,s2
9776,s2
9777,s2
9778,s2
9779,s2
9780,s2
9781,s2
9782,s2
9783,s2
9784,s2
9785,s2
9786,s2
9787,s2
9788,s2
9789,s2
9790,s2
9791,s2
9792,s2
9793,s2
9794,s2
9795,s2
9796,s2
9797,s2
9798,s2
9799,s2
9800,s2
9801,s2
9802,s2
9803,s2
9804,s2
9805,s2
9806,s2
9807,s2
9808,s2
9809,s2
9810,s2
9811,s2
9812,s2
9813,s2
9814,s2
9815,s2
9816,s2
9817,s2
9818,s2
9819,s2
9820,s2
9821,s2
9822,s2
9823,s2
9824,s2
9825,s2
9826,s2
9827,s2
9828,s2
9829,s2
9830,s2
9831,s2
9832,s2
9833,s2
9834,s2
9835,s2
9836,s2
9837,s2
9838,s2
9839,s2
9840,s2
9841,s2
9842,s2
9843,s2
9844,s2
9845,s2
9846,s2
9847,s2
9848,s2
9849,s2
9850,s2
9851,s2
9852,s2
9853,s2
9854,s2
9855,s2
9856,s2
9857,s2
9858,s2
9859,s2
9860,s2
9861,s2
9862,s2
9863,s2
9864,s2
9865,s2
9866,s2
9867,s2
9868,s2
9869,s2
9870,s2
9871,s2
9872,s2
9873,s2
9874,s2
9875,s2
9876,s2
9877,s2
9878,s2
9879,s2
9880,s2
9881,s2
9882,s2
9883,s2
9884,s2
9885,s2
9886,s2
9887,s2
9888,s2
9889,s2
9890,s2
9891,s2
9892,s2
9893,s2
9894,s2
9895,s2
9896,s2
9897,s2
9898,s2
9899,s2
9900,s2
9901,s2
9902,s2
9903,s2
9904,s2
9905,s2
9906,s2
9907,s2
9908,s2
9909,s2
9910,s2
9911,s2
9912,s2
9913,s2
9914,s2
9915,s2
9916,s2
9917,s2
9918,s2
9919,s2
9920,s2
9921,s2
9922,s2
9923,s2
9924,s2
9925,s2
9926,s2
9927,s2
9928,s2
9929,s2
9930,s2
9931,s2
9932,s2
9933,s2
9934,s2
9935,s2
9936,s2
9937,s2
9938,s2
9939,s2
9940,s2
9941,s2
9942,s2
9943,s2
9944,s2
9945,s2
9946,s2
9947,s2
9948,s2
9949,s2
9950,s2
9951,s2
9952,s2
9953,s2
9954,s2
9955,s2
9956,s2
9957,s2
9958,s2
9959,s2
9960,s2
9961,s2
9962,s2
9963,s2
9964,s2
9965,s2
9966,s2
9967,s2
9968,s2
9969,s2
9970,s2
9971,s2
9972,s2
9973,s2
9974,s2
9975,s2
9976,s2
9977,s2
9978,s2
9979,s2
9980,s2
9981,s2
9982,s2
9983,s2
9984,s2
9985,s2
9986,s2
9987,s2
9988,s2
9989,s2
9990,s2
9991,s2
9992,s2
9993,s2
9994,s2
9995,s2
9996,s2
9997,s2
9998,s2
9999,s2
